recipient,reason,rewardToken,rewardAmount
0x12d3D411d010891a88BFf2401bD73FA41fb1316e,Forwarder_ERC20_0xE55843a90672f7d8218285e51EE8fF8E233F35d5,PYTH,52204.581478
0x41Bc7d0687e6Cea57Fa26da78379DfDC5627C56d,ERC20,PYTH,46626.041125
0x425712a974D4f2802309e0E68d001756363c1C55,ERC20,PYTH,39107.507241
0x617c34A9B6F080a0f25988DB6C903a8348D41081,ERC20,PYTH,31733.332727
0x9843C8a8263308A309BfC3C2d1c308126D8E754D,Forwarder_ERC20_0xE55843a90672f7d8218285e51EE8fF8E233F35d5,PYTH,27634.14673
0xEa51Ccb352Aea7641fF4D88536F0F06Fd052EF8f,Forwarder_ERC20_0xE55843a90672f7d8218285e51EE8fF8E233F35d5,PYTH,24571.289057
0xdC7Aa225964267c7E0EfB35f4931426209E90312,Forwarder_ERC20_0xE55843a90672f7d8218285e51EE8fF8E233F35d5,PYTH,21531.655914
0xCF263cEe139763114fAaFC5F52865135412F50Ec,ERC20,PYTH,19599.682274
0xDdB50FfDbA4D89354E1088e4EA402de895562173,Forwarder_ERC20_0xE55843a90672f7d8218285e51EE8fF8E233F35d5,PYTH,18096.948322
0x1A162A5FdaEbb0113f7B83Ed87A43BCF0B6a4D1E,Forwarder_ERC20_0xE55843a90672f7d8218285e51EE8fF8E233F35d5,PYTH,12524.690778
0x813eaf28F5ec872F053504F51047c231E99d09dc,Forwarder_ERC20_0xE55843a90672f7d8218285e51EE8fF8E233F35d5,PYTH,11840.270298
0x12d3D411d010891a88BFf2401bD73FA41fb1316e,ERC20,PYTH,10717.688846
0xAC95712Ccf7fd178f198C7B6fd2d5f6f7a202929,ERC20,PYTH,10366.186306
0xaE58656D27c561f93dE0e23042B67eDDea69A8fc,Forwarder_ERC20_0xE55843a90672f7d8218285e51EE8fF8E233F35d5,PYTH,9807.854502
0x617c34A9B6F080a0f25988DB6C903a8348D41081,Forwarder_ERC20_0xE55843a90672f7d8218285e51EE8fF8E233F35d5,PYTH,9393.209947
0x4b003868bBD5ADd0D1251553b829E58Ba3CdCd3c,Forwarder_ERC20_0xE55843a90672f7d8218285e51EE8fF8E233F35d5,PYTH,8462.197957
0xD34f3e85bB7C8020C7959B80a4B87a369D639dc0,Forwarder_ERC20_0xE55843a90672f7d8218285e51EE8fF8E233F35d5,PYTH,8149.391276
0x02FBADF4F6587885c7Db75c65d13cF5FeD2d246E,ERC20,PYTH,6308.680855
0xF930EBBd05eF8b25B1797b9b2109DDC9B0d43063,Forwarder_ERC20_0xE55843a90672f7d8218285e51EE8fF8E233F35d5,PYTH,5552.158691
0xef764BAC8a438E7E498c2E5fcCf0f174c3E3F8dB,ERC20,PYTH,5506.206022
0x5Be876Ed0a9655133226BE302ca6f5503E3DA569,ERC20,PYTH,4976.170928
0x4F4715CA99C973A55303bc4a5f3e3acBb9fF75DB,Forwarder_ERC20_0xE55843a90672f7d8218285e51EE8fF8E233F35d5,PYTH,4800.440604
0xa8cbF4200595eFcd94b7526D04dEafe0f284aF2d,ERC20,PYTH,4479.810604
0x1b3269DFE161A7C6d79616e2874215Ea3e044818,Forwarder_ERC20_0xE55843a90672f7d8218285e51EE8fF8E233F35d5,PYTH,4414.648191
0xf91d4cf33A08ABc1227CFD69FC92C2b1Df9fD23c,ERC20,PYTH,4078.562056
0x3Ad4CeE90D0Eb10769AF8F3D8a58f9df39Af45Db,ERC20,PYTH,3910.669673
0x98D3783a813D50d2efd1CC2BdeB0383dd2Ecc55e,Forwarder_ERC20_0xE55843a90672f7d8218285e51EE8fF8E233F35d5,PYTH,3785.971013
0x7D8FE788eD6a843F7525b8f16D087be1edAb67dc,Forwarder_ERC20_0xE55843a90672f7d8218285e51EE8fF8E233F35d5,PYTH,3626.183596
0x854F1269b659A727a2268AB86FF77CFB30BfB358,Forwarder_ERC20_0xE55843a90672f7d8218285e51EE8fF8E233F35d5,PYTH,3376.419425
0xAF3F59f38788f1E60D70AdD0cB10565fB3BAa8dE,Forwarder_ERC20_0xE55843a90672f7d8218285e51EE8fF8E233F35d5,PYTH,3252.748667
0x21777106355Ba506A31FF7984c0aE5C924deB77f,Forwarder_ERC20_0xE55843a90672f7d8218285e51EE8fF8E233F35d5,PYTH,3098.724212
0x1109297e392d92c1613fdbdF30579a0215c20Da9,Forwarder_ERC20_0xE55843a90672f7d8218285e51EE8fF8E233F35d5,PYTH,3087.462446
0xE3996E687101C6709C9c1A27a1e8E44cF125d574,ERC20,PYTH,2353.159134
0x4Ce674f5f462Ed707e5FE1fEf65B0Bb1ea87c099,ERC20,PYTH,2072.147261
0x089A2C44131b1Eb30CC4fc226560163FcEF2C288,Forwarder_ERC20_0xE55843a90672f7d8218285e51EE8fF8E233F35d5,PYTH,2003.857193
0x2a88487328E89Fe6C3b71706069715F301F4BEB4,Forwarder_ERC20_0xE55843a90672f7d8218285e51EE8fF8E233F35d5,PYTH,1692.487686
0xCd63A6bEC95Ce7c31457617D1F61AfF86F6064cf,Forwarder_ERC20_0xE55843a90672f7d8218285e51EE8fF8E233F35d5,PYTH,1652.715755
0xaf75696B63745470E74b752C38f8413095d076A7,Forwarder_ERC20_0xE55843a90672f7d8218285e51EE8fF8E233F35d5,PYTH,1624.481909
0x1AcB64EBeAcEc80c3bc29e5ea06e1F140B69a234,Forwarder_ERC20_0xE55843a90672f7d8218285e51EE8fF8E233F35d5,PYTH,1602.852979
0x279a7DBFaE376427FFac52fcb0883147D42165FF,Forwarder_ERC20_0xE55843a90672f7d8218285e51EE8fF8E233F35d5,PYTH,1575.432413
0xCA40E5D0321a67Bea2F2Cf0C24848673F5C38279,Forwarder_ERC20_0xE55843a90672f7d8218285e51EE8fF8E233F35d5,PYTH,1553.016588
0xDaD052f8F88C59907c7bf06DF7252FE35Bf1209A,Forwarder_ERC20_0xE55843a90672f7d8218285e51EE8fF8E233F35d5,PYTH,1520.684224
0xb0e83C2D71A991017e0116d58c5765Abc57384af,Forwarder_ERC20_0xE55843a90672f7d8218285e51EE8fF8E233F35d5,PYTH,1501.429731
0x6e0a1dDAD894e6466d405Bb73377F0A257278D74,ERC20,PYTH,1492.051347
0x08baFb4400A102Dddc5e5d584abf0aA38E174c57,Forwarder_ERC20_0xE55843a90672f7d8218285e51EE8fF8E233F35d5,PYTH,1387.45985
0xc0A819890303AE6F4ff5D4103eE76F9756661765,ERC20,PYTH,1276.493742
0xf69EA6646cf682262E84cd7c67133eac59cef07b,ERC20,PYTH,1184.579238
0xb91F96b7C62fe4a2301219956Cc023fA7892F0C0,ERC20,PYTH,1162.99786
0x331F150FD9f0dfacf02C4993a093143C0Bb81f26,ERC20,PYTH,1155.091718
0x72ec822bc85551C6a4f5317b6860d0215cF902B6,Forwarder_ERC20_0xE55843a90672f7d8218285e51EE8fF8E233F35d5,PYTH,1141.161986
0xE0d710Ee7c6f644190c59920D3240cD6aF4a1bb6,Forwarder_ERC20_0xE55843a90672f7d8218285e51EE8fF8E233F35d5,PYTH,1029.713634
0x3a0c69a1d3af0F45e06292A67fd68270a0Cb694A,Forwarder_ERC20_0xE55843a90672f7d8218285e51EE8fF8E233F35d5,PYTH,1024.029781
0xf9551c66995eD3Ff9bb05C9Fd7ff148Bd75dc99a,Forwarder_ERC20_0xE55843a90672f7d8218285e51EE8fF8E233F35d5,PYTH,1023.048647
0xAbEaA41fd6a7464b1203b24486526b0461a5ceA4,ERC20,PYTH,933.174998
0xBA67C843ad60b38eC3809571b7dFbE9F89348BFB,Forwarder_ERC20_0xE55843a90672f7d8218285e51EE8fF8E233F35d5,PYTH,896.150957
0xEa51Ccb352Aea7641fF4D88536F0F06Fd052EF8f,ERC20,PYTH,879.766559
0x582fCeA39b78C9371669Fb0d0448B2aFf7285F00,ERC20,PYTH,877.86959
0xC9ac469a46bC539276E6DB7dD5BDdB8aeD44817A,ERC20,PYTH,842.120367
0xD8de4C018fADB5a0CCcACB3eBd6A3Fe916f224f6,Forwarder_ERC20_0xE55843a90672f7d8218285e51EE8fF8E233F35d5,PYTH,837.795809
0x18279b53E9039866f0c5272DDd68B68A5f0e3359,Forwarder_ERC20_0xE55843a90672f7d8218285e51EE8fF8E233F35d5,PYTH,812.749272
0x1C3840eF5926683F08b2385A09B87A58b771aA81,Forwarder_ERC20_0xE55843a90672f7d8218285e51EE8fF8E233F35d5,PYTH,760.670609
0x485f5df0654c8405d6124821E95F093aDEc1b16b,Forwarder_ERC20_0xE55843a90672f7d8218285e51EE8fF8E233F35d5,PYTH,736.482228
0x0437EebE530b24e0f1FA95dcBb78AA0c903b3Cd0,Forwarder_ERC20_0xE55843a90672f7d8218285e51EE8fF8E233F35d5,PYTH,718.344101
0xAF3F59f38788f1E60D70AdD0cB10565fB3BAa8dE,ERC20,PYTH,717.544479
0x044c53d8576d4D700E6327c954f88388EE03b8dB,ERC20,PYTH,688.053257
0x9f5e6aF744a137C9feFeeDfb6b706B0640a57673,Forwarder_ERC20_0xE55843a90672f7d8218285e51EE8fF8E233F35d5,PYTH,678.964495
0xC87b3359C4f5f1a19bDE219454867E8bAa573c2f,ERC20,PYTH,676.294373
0xE36256F2E0caE6E083E307c5e23E5caA21A16adF,Forwarder_ERC20_0xE55843a90672f7d8218285e51EE8fF8E233F35d5,PYTH,650.454593
0x06005605Bc9a8F9c1eCd921775d5073031889880,ERC20,PYTH,613.925204
0x73051a64044FEa61A6100eB0b55C9087BE32ccA3,ERC20,PYTH,607.02815
0xc6709E64cCb02DD98FEe9C10Da859ee74fE9Ba35,ERC20,PYTH,571.295333
0xdB02db34221f6116A993B4a70cEFe28b9aFF379B,Forwarder_ERC20_0xE55843a90672f7d8218285e51EE8fF8E233F35d5,PYTH,569.215327
0x17eD9Ed24F146dD26Df2b39AD7cB195E9b50571e,Forwarder_ERC20_0xE55843a90672f7d8218285e51EE8fF8E233F35d5,PYTH,564.079561
0xf17C85a47558fE00fd3b010744B34ad01d7069F9,Forwarder_ERC20_0xE55843a90672f7d8218285e51EE8fF8E233F35d5,PYTH,548.238864
0x11e1B440E87d6A8C14620F06213b9e218a286271,Forwarder_ERC20_0xE55843a90672f7d8218285e51EE8fF8E233F35d5,PYTH,528.336946
0x148832f37889f6C186DD6DCe6aB8bf50CB5c05D8,Forwarder_ERC20_0xE55843a90672f7d8218285e51EE8fF8E233F35d5,PYTH,514.582931
0xA0619482c0fcf425D0571f49822F39B17A99b781,Forwarder_ERC20_0xE55843a90672f7d8218285e51EE8fF8E233F35d5,PYTH,514.317849
0x0f3cD69A5f6F9f1844e0cDbE0E191E18Cab9BE82,Forwarder_ERC20_0xE55843a90672f7d8218285e51EE8fF8E233F35d5,PYTH,437.154738
0x4F4715CA99C973A55303bc4a5f3e3acBb9fF75DB,ERC20,PYTH,430.755948
0x50ED348f85De0772a61fF63Bbe33dF8dB30DE1B2,Forwarder_ERC20_0xE55843a90672f7d8218285e51EE8fF8E233F35d5,PYTH,424.122887
0x7c1124184c6F0952e5fB4ACd1246aD1197BFf1C7,Forwarder_ERC20_0xE55843a90672f7d8218285e51EE8fF8E233F35d5,PYTH,388.476539
0xEC0c666ACd059E2bBf5DD055f1a282bF0EBf16FC,ERC20,PYTH,385.680179
0xFc6D5d8B8Ef99523fB565a741b177D47Fe333858,ERC20,PYTH,371.096742
0xE629E1F7d250d39AF4d704B486B094A4bA91Ef3b,ERC20,PYTH,368.647066
0xc24CFD03cbc1b7Ff8EdAc1C85A6b9aE5Bf65869a,Forwarder_ERC20_0xE55843a90672f7d8218285e51EE8fF8E233F35d5,PYTH,363.111069
0x0397D4A6f9078884a1815f9dbE1e3fDcCfdc4C50,Forwarder_ERC20_0xE55843a90672f7d8218285e51EE8fF8E233F35d5,PYTH,360.161029
0xaAD747958F996B22F360fD1d0e3BA56eFD477C1f,ERC20,PYTH,343.148256
0x4530F1232A8DCcF18453446f6fBcB86ADe5E5Eff,ERC20,PYTH,334.238166
0x15977e15d7b24C76f94D2902970e0F0EEDd78618,ERC20,PYTH,316.657229
0x65D31F7eC97129EcE2c71672057a0CAC9282080E,ERC20,PYTH,311.778173
0xd05296fE69Ad59f2707836c9592021A8D6964651,Forwarder_ERC20_0xE55843a90672f7d8218285e51EE8fF8E233F35d5,PYTH,306.778826
0xc15fc417a1BB9850D0d7C9B8C98d87C009597e08,ERC20,PYTH,287.895707
0x4a8B9E2C2940fdd39aceb384654dc59aCB58C337,ERC20,PYTH,283.958562
0x357dfdC34F93388059D2eb09996d80F233037cBa,ERC20,PYTH,280.667125
0xBB5f772A464980776b8B4c815A56365181B0E759,ERC20,PYTH,270.823614
0xdB02db34221f6116A993B4a70cEFe28b9aFF379B,ERC20,PYTH,269.215503
0x1d9D7711A5f625F5867F81DCb99B39A08C0B10fe,Forwarder_ERC20_0xE55843a90672f7d8218285e51EE8fF8E233F35d5,PYTH,264.554656
0xFc1C09b6847dC0A07a2fb1025fDe79872D0c19EF,Forwarder_ERC20_0xE55843a90672f7d8218285e51EE8fF8E233F35d5,PYTH,259.314945
0x0Ce390F18Af702Cca546297845a4A51D102123cf,Forwarder_ERC20_0xE55843a90672f7d8218285e51EE8fF8E233F35d5,PYTH,255.644522
0xC5d3D004a223299C4F95Bb702534C14A32e8778c,Forwarder_ERC20_0xE55843a90672f7d8218285e51EE8fF8E233F35d5,PYTH,254.459144
0xBB4370B2ec5875aDD56B9434aE9232d1BCe5e9C7,Forwarder_ERC20_0xE55843a90672f7d8218285e51EE8fF8E233F35d5,PYTH,247.774482
0x15bD6E7cDF6632cf1565bf99984b5cCe6b49F87a,ERC20,PYTH,243.001278
0xE6a3b16e73bd666a699e9C4df286BfF35B3e62B4,Forwarder_ERC20_0xE55843a90672f7d8218285e51EE8fF8E233F35d5,PYTH,241.113108
0xC2789bABe1a5cd95E81AE5f2444E82E1391bF7ce,Forwarder_ERC20_0xE55843a90672f7d8218285e51EE8fF8E233F35d5,PYTH,233.111642
0x02eF8147E2D0997cCA48d99f01bAD846D16558fa,ERC20,PYTH,228.842122
0xbE18f84532d8f7fb6d7919401C0096f3e257DB8b,ERC20,PYTH,226.127378
0x597F8B4977094539406E260960F4944B25789a92,Forwarder_ERC20_0xE55843a90672f7d8218285e51EE8fF8E233F35d5,PYTH,225.940072
0x9d993fCF62DcA90842e770f8E78a07109225253d,ERC20,PYTH,223.36935
0xb7025E51a5DCcA0cb1C03f66fE31F5dCFfd599aa,ERC20,PYTH,220.490676
0x67BC76E8Fd78CC59594C9F43C643eA7CAfA48669,ERC20,PYTH,218.433319
0xf4FE054C29845Ea85B4117c75DD1350472329aa0,Forwarder_ERC20_0xE55843a90672f7d8218285e51EE8fF8E233F35d5,PYTH,217.219245
0x31e015e65b5FB16b8F3f415a435DA19aF5B3EFd4,ERC20,PYTH,215.490677
0xDD4459da878866aF221845Bbce0F936B47D1Eb24,ERC20,PYTH,215.449191
0x4060A97Fe2ac24D912472aeA5D1C063779360FEF,ERC20,PYTH,210.118607
0x37b954364592c0B4254813537e8b3cC4ae08e743,ERC20,PYTH,208.409445
0x1C4E440e9f9069427d11bB1bD73e57458eeA9577,ERC20,PYTH,205.552629
0x14860ed3597D27afD017513Ab9EF9Cb9CC16F1f7,ERC20,PYTH,205.367885
0xA7e6613e44D94B83056ef513A6bE0d2c7903318D,ERC20,PYTH,204.662481
0x8d605e606b3AEe143ff0d039F63100a52F17d85F,ERC20,PYTH,201.234558
0x66bB7C182672a4b4a1C5891B9fd708b241Ef3622,Forwarder_ERC20_0xE55843a90672f7d8218285e51EE8fF8E233F35d5,PYTH,197.388431
0x9aCf8D0315094d33Aa6875B673EB126483C3A2c0,Forwarder_ERC20_0xE55843a90672f7d8218285e51EE8fF8E233F35d5,PYTH,193.804037
0xb957DccaA1CCFB1eB78B495B499801D591d8a403,Forwarder_ERC20_0xE55843a90672f7d8218285e51EE8fF8E233F35d5,PYTH,192.856523
0x044a9c43e95AA9FD28EEa25131A62b602D304F1f,ERC20,PYTH,192.224074
0x65B43554DE616A5102152f00C8Cb09f1B5063ca2,ERC20,PYTH,191.330231
0x6E65Ce4Cc07fEB24b7D0439422B7FE58b93b9Cf6,ERC20,PYTH,190.525998
0x81AcBa11a66E9EdEABaA2Ff28101153724892eB7,Forwarder_ERC20_0xE55843a90672f7d8218285e51EE8fF8E233F35d5,PYTH,180.70411
0x4f3cD1e0b027a620a1db670F7A2189BB29C6a534,ERC20,PYTH,173.373148
0x31F048c427544b40Dea9b63E26749C925Bf5D931,ERC20,PYTH,171.153143
0x247bc6556B5d14416332575eBC6a2e65D9DB3109,Forwarder_ERC20_0xE55843a90672f7d8218285e51EE8fF8E233F35d5,PYTH,161.529017
0xC3598d91844B061195136600AD243b077Cc164e2,ERC20,PYTH,159.248743
0x5D0aC389c669D6EFE3BA96B9878d8156f180C539,Forwarder_ERC20_0xE55843a90672f7d8218285e51EE8fF8E233F35d5,PYTH,158.719949
0xE515Ca170A2f702217722098CB0DC6A5cAD8D1f7,Forwarder_ERC20_0xE55843a90672f7d8218285e51EE8fF8E233F35d5,PYTH,154.60167
0xEC5a0Dff55be882FAFe863895ef144b78aaEF097,ERC20,PYTH,153.753558
0xA429aC8bD9382E7F69645cc30bD718b5d33D674b,Forwarder_ERC20_0xE55843a90672f7d8218285e51EE8fF8E233F35d5,PYTH,151.107188
0xeb63ee9c8bE4C1D14C6D352Fad5ca8f933BE7af8,ERC20,PYTH,148.413658
0x56333e65E28ECAb0C3e0A157eC441dd56672F061,ERC20,PYTH,145.612566
0x14B17f54bE2c41D7B1CaB0b299901a54bd957EAf,ERC20,PYTH,141.823187
0x6CD71d6Cb7824add7c277F2CA99635D98F8b9248,ERC20,PYTH,139.664825
0x154001A2F9f816389b2F6D9E07563cE0359D813D,ERC20,PYTH,138.300713
0x579B48Fa60E901E75a8c143bB1ADc04D738535f8,Forwarder_ERC20_0xE55843a90672f7d8218285e51EE8fF8E233F35d5,PYTH,138.260564
0x9AA4E6641FEfD0764BfEBDeda637E7782d7eD4dc,Forwarder_ERC20_0xE55843a90672f7d8218285e51EE8fF8E233F35d5,PYTH,135.719574
0x6C8E4D6f376336871821Dbe369BFE444fDd1fc99,ERC20,PYTH,135.455607
0x3609462f90D6291735dccfF4141b3e315e1CdB28,ERC20,PYTH,130.41405
0xC8EE3a64D20422Cf476E325B1978E5f10d0F59D2,ERC20,PYTH,125.396809
0x8Cc8Aa103bfE1CD8755DC80C64539370B587909F,Forwarder_ERC20_0xE55843a90672f7d8218285e51EE8fF8E233F35d5,PYTH,124.172934
0x5EDCf547eCE0EA1765D6C02e9E5bae53b52E09D4,ERC20,PYTH,124.084331
0x9774e28baaA1e722673E45AD8FDc7666B3AA252E,ERC20,PYTH,118.467628
0x643430283B19fA5BD70A1138B495c2B43523CDd5,ERC20,PYTH,116.024534
0x5ac2dE84277ab83A1385227e8E9BfDdf3893ac69,Forwarder_ERC20_0xE55843a90672f7d8218285e51EE8fF8E233F35d5,PYTH,115.411085
0xB21731D830b7e8460E5D6c66Dc1CcC0A5D0A6B87,ERC20,PYTH,114.193075
0xC81F0ED1403094a26543df05DADFebABb15A12c6,ERC20,PYTH,113.43149
0x788a5AB87d7f8De001386d1D65844fD26C317B7E,ERC20,PYTH,113.156264
0xa404D15D0847790Edb0FF09B8909A15d0Ff70A0a,ERC20,PYTH,108.821175
0x8BEba996BeCDC95A6097fB0587f468Fc3348Ce2E,Forwarder_ERC20_0xE55843a90672f7d8218285e51EE8fF8E233F35d5,PYTH,108.334373
0x95Ab81Bc1532C8A696d89365f2e6f76a404Fe4DF,ERC20,PYTH,107.782203
0xbcc181046fd96CCaDF0CEBe30D4Ff67D4373A126,ERC20,PYTH,107.196251
0xD6587a974C7D3ecE23Fa53d5606da6B291311F6f,ERC20,PYTH,107.186947
0xA583F99495077952103235Ad50606246d69e829f,ERC20,PYTH,105.580241
0xa116f421ff82A9704428259fd8CC63347127B777,ERC20,PYTH,103.589886
0x37bE92f21943dC91629d884F8C41C8203024633a,ERC20,PYTH,101.75802
0xedEBdcE8D3cE41dA2355699e350EE89335dD2f15,ERC20,PYTH,99.804844
0xf23E1bEFC889Ac30991762eD44fbD8EBF260419b,Forwarder_ERC20_0xE55843a90672f7d8218285e51EE8fF8E233F35d5,PYTH,96.248567
0xc933f86D3DB055Bb0BE2E5B348cEE46C2eC1A425,ERC20,PYTH,95.027699
0x37EC326e2EAaFa21c2b22722c94e06c9084Dce7C,ERC20,PYTH,94.922406
0x76b8579694d1769a0390aDb3b199085845804cC1,ERC20,PYTH,94.091613
0x4B40F8fFe23BaC2035978a79077068DfA08c591f,ERC20,PYTH,93.396054
0x391891Af67E29D97E61E30C3036a0874F5Da411e,ERC20,PYTH,91.982559
0xdEE2d4680a9A433ed4C56C57B98A28b4d9f9244b,ERC20,PYTH,91.348947
0x0Df3206a98F9feAD898Cd5Bb8CedA5BB8DC9563c,Forwarder_ERC20_0xE55843a90672f7d8218285e51EE8fF8E233F35d5,PYTH,90.894194
0x2D1F98e03Ee1261e87718dcA1654d357f582aaF9,Forwarder_ERC20_0xE55843a90672f7d8218285e51EE8fF8E233F35d5,PYTH,90.532097
0xEe814D1926ff52d3BD6853B27e350E482DeED222,ERC20,PYTH,87.327049
0xF2baa666e9D04e29147353EBa49E9f621990CE24,ERC20,PYTH,81.497804
0x50eB093f32492A7d7cAc2D151c08fC8b74910Ed2,ERC20,PYTH,81.453433
0x161a22AbaB390B5BEeBa42E4121F8343F6Ed5C44,Forwarder_ERC20_0xE55843a90672f7d8218285e51EE8fF8E233F35d5,PYTH,80.716982
0x9ADA95Ce2a188C51824Ef76Dd49850330AF7545F,ERC20,PYTH,80.298124
0x18279b53E9039866f0c5272DDd68B68A5f0e3359,ERC20,PYTH,79.346639
0x3eF888B04FF1bF86247CF581Ae397530A017c8d9,ERC20,PYTH,79.085911
0x590d98993AC88905d57E7410937EBD82B1d3b2E4,ERC20,PYTH,78.170962
0x520bac9FD09D10BD4eA44f120f283354D2077fd3,ERC20,PYTH,77.852464
0xA7499Aa6464c078EeB940da2fc95C6aCd010c3Cc,Forwarder_ERC20_0xE55843a90672f7d8218285e51EE8fF8E233F35d5,PYTH,77.175203
0x24f8D92794A283B454D1Fc32722F51A4f3Bc1ae5,ERC20,PYTH,75.080371
0x5228b399Ff05f4Fc2e643a19B3304449f510E518,ERC20,PYTH,74.862215
0x71045fE3685095cd048Fc5f59ff4a931a859A462,ERC20,PYTH,74.010177
0xEa0f2952E7130C2029F88D3E95d9D775439fEEc6,ERC20,PYTH,73.88007
0xd682fb159a2cBC47DE97A046D76391dDae104988,ERC20,PYTH,71.768259
0x089A2C44131b1Eb30CC4fc226560163FcEF2C288,ERC20,PYTH,71.587654
0x3C37c0738C273756D508ebef1010A77F9A1Bd181,ERC20,PYTH,71.098931
0x4062b997279dE7213731dbe00485722a26718892,ERC20,PYTH,70.927923
0x8AfC7fD1C734a8BBCf74993D26816aC86EC37faf,ERC20,PYTH,70.864179
0x8d35bD9CAb090aF815d872e75D02d77CE826E481,Forwarder_ERC20_0xE55843a90672f7d8218285e51EE8fF8E233F35d5,PYTH,69.671389
0x57740dD5FED3b8fF777BbBe73e5D7510B1daF318,Forwarder_ERC20_0xE55843a90672f7d8218285e51EE8fF8E233F35d5,PYTH,69.002631
0x2fBa909aeD4345ac0C67c75C51d955f822b14629,ERC20,PYTH,68.386317
0x17FF46a45d10d8b2ef5b14C73F859D116e10dB4f,ERC20,PYTH,68.237913
0xEA7d6A3873CBB644a2FA3a124b00a25C33C661b8,ERC20,PYTH,64.994126
0x6359d66Fe2c49843D63B36fc26a62b0522f9a618,ERC20,PYTH,64.898685
0x2d1EF4aCf4cae6a38950971AaAA15f88D9b3f165,ERC20,PYTH,62.863453
0x5B78AE09929C53C77Ba29a13265e35a2f62Dd89F,ERC20,PYTH,62.700155
0xc540b6748f64547e213F8E4dBE84f23dA416794c,ERC20,PYTH,62.41258
0x34ab6cc693ED5F706eceCE5F8074eDff3eD58BCf,ERC20,PYTH,60.94534
0xA75204De25E91F82c5B0B849B247515153AC61e9,ERC20,PYTH,60.937918
0x57f85277a44ba3B4a725236F46473df2B9bE9BF3,Forwarder_ERC20_0xE55843a90672f7d8218285e51EE8fF8E233F35d5,PYTH,60.868831
0x61fdff48D154c6079E43CBf14027057b367cb3b2,ERC20,PYTH,59.233596
0x6ab791754298D6D6d7C182DC1572126B4eD24897,ERC20,PYTH,57.052172
0x02eF8147E2D0997cCA48d99f01bAD846D16558fa,Forwarder_ERC20_0xE55843a90672f7d8218285e51EE8fF8E233F35d5,PYTH,56.405517
0x6746084d7B7B3ae37767DE3b2e960c361aeC3e18,Forwarder_ERC20_0xE55843a90672f7d8218285e51EE8fF8E233F35d5,PYTH,55.629527
0x00957d7b5b9155Ea78D89F747Dc0FCaAd52Ba243,ERC20,PYTH,55.395548
0x6Beb9286AC85d7cF638d86286A9AE098b33688e2,ERC20,PYTH,54.987682
0xcE968c0fC101C4FB8e08EB5dB73E7E169A2A3562,ERC20,PYTH,54.416109
0x4334703B0B74E2045926f82F4158A103fCE1Df4f,Forwarder_ERC20_0xE55843a90672f7d8218285e51EE8fF8E233F35d5,PYTH,52.0303
0xD7E8311a47518c4f59ce3d7E3f59a1Bb0713899F,ERC20,PYTH,51.863744
0x49a5492FDFe5AcC966dD5f41310dfDfe8dAA349C,Forwarder_ERC20_0xE55843a90672f7d8218285e51EE8fF8E233F35d5,PYTH,51.201489
0x8Cd32134847e764a3784A87C5a5B4c13474f516f,Forwarder_ERC20_0xE55843a90672f7d8218285e51EE8fF8E233F35d5,PYTH,51.201489
0x3C3F95BB7470343D9B153bB0887ee766054D3372,Forwarder_ERC20_0xE55843a90672f7d8218285e51EE8fF8E233F35d5,PYTH,50.517289
0x82fcd7cD3151b0ab9e4c00629f123D45AD17FA73,ERC20,PYTH,50.100772
0x4d03AEA34FFEfD6af6cc154B3f03501AE083fB92,ERC20,PYTH,49.978767
0xba96a2ba89eA249148ee599d2BBcD669DE94d4B6,ERC20,PYTH,48.614465
0x5bfbdc54a7054d4C60303DCd269E59b52BCFC1cA,Forwarder_ERC20_0xE55843a90672f7d8218285e51EE8fF8E233F35d5,PYTH,46.952954
0x02B2D6a3298a4B20aa4F7A0a57e920E9FC9aD864,ERC20,PYTH,46.829451
0x02cEae0Aa5A9988f1D32E7E56e18A49F08848b75,ERC20,PYTH,46.735464
0x48Fb55eD1Fb62ED26274fb805f6444bEa97c1F28,Forwarder_ERC20_0xE55843a90672f7d8218285e51EE8fF8E233F35d5,PYTH,46.366616
0xB9086E8c8bEAf77B316acd78dC8AA8b09f5FAb92,ERC20,PYTH,45.843541
0x5b63B4929094C6A68C39F787939B5B318C47272c,ERC20,PYTH,45.731284
0x7cac66ab4bB948FC4FECfC6a92c5E6D51Fe7CeE8,ERC20,PYTH,45.040622
0xb54F09a307e20b6E60F8b4f8d2b86cDFCd8efB01,ERC20,PYTH,43.611748
0x4FB0297ea31b84448A36Ed8efc31EBbc0124dcB0,ERC20,PYTH,43.071061
0x93Aa01eAb7F9D6C8511A4a873FEa19073334c004,ERC20,PYTH,42.399784
0xc4417F80695f9198d91B233F707EB73baD529497,ERC20,PYTH,41.723104
0xF1cCFA46B1356589EC6361468f3520Aff95B21c3,ERC20,PYTH,41.371979
0x37e06Ba4b0403D33BbaBaFD63662B1F0fbfdf2cd,Forwarder_ERC20_0xE55843a90672f7d8218285e51EE8fF8E233F35d5,PYTH,41.324356
0xDB611d682cb1ad72fcBACd944a8a6e2606a6d158,Forwarder_ERC20_0xE55843a90672f7d8218285e51EE8fF8E233F35d5,PYTH,41.10365
0xcda1bC3Bc70c92135891c0F334B270B689c1a0DF,Forwarder_ERC20_0xE55843a90672f7d8218285e51EE8fF8E233F35d5,PYTH,40.961191
0x950E5BbDADf252609F49b2Cd45222cD3280F35d6,ERC20,PYTH,40.683475
0x04F648bb839033BBA7C6341529Bd7dd6fD6d413e,ERC20,PYTH,40.605431
0x7F0A650d08c5e7077C9075691ce66dF62e269F2B,ERC20,PYTH,40.348598
0x94A468FCB53A043Bf5Cd95EF21892E02C71134Be,ERC20,PYTH,39.631522
0x0d90A14888AC045f1479D6DbE5dB0db45182cBb3,ERC20,PYTH,38.892735
0x58E03d622a88b4012ee0a97235C6b110077FB867,Forwarder_ERC20_0xE55843a90672f7d8218285e51EE8fF8E233F35d5,PYTH,38.737967
0xEcd934E335B71a6bB41cc43bc1C3A21AcA4b22Dc,Forwarder_ERC20_0xE55843a90672f7d8218285e51EE8fF8E233F35d5,PYTH,38.724609
0xBc5D814E37b94cdeB583362F97bD8C423a66C5A9,ERC20,PYTH,38.208076
0xac4CD92Db83280a3857682522ab96b4C5b63D8C8,ERC20,PYTH,37.89245
0x2a88487328E89Fe6C3b71706069715F301F4BEB4,ERC20,PYTH,37.581755
0x296E0C21DB4061EbF971e55d5db85011E7Ff9797,ERC20,PYTH,37.295497
0x3c229864378b3B0adF98aE247Ca33986AED8EC1E,ERC20,PYTH,36.432396
0x193641EA463C3B9244cF9F00b77EE5220d4154e9,ERC20,PYTH,35.023936
0x7e65eAAE216650c1198321564CF953B39f7e5720,ERC20,PYTH,34.470731
0x0b1b25E43306E003a4918491961d6f0B0192F26e,Forwarder_ERC20_0xE55843a90672f7d8218285e51EE8fF8E233F35d5,PYTH,34.400506
0x3288338837dc90afBB81A93E5a9C3c5688436E10,ERC20,PYTH,34.192252
0x4468882D81F24E367A879B4dFdb135e76fD23b5A,ERC20,PYTH,34.024556
0xA0619482c0fcf425D0571f49822F39B17A99b781,ERC20,PYTH,33.93682
0xdEe311AbaD009550A9a963B9f86BFf46D39f7a69,ERC20,PYTH,33.465723
0xC255E0a1Be0A4B7B8Bf5EBE8d0Aba162CF75bae2,ERC20,PYTH,33.054599
0xAc4c11e7e1673807cb7A808b497eE8d5f0d1cAB2,ERC20,PYTH,32.902364
0x2755F9fe42EC40d4469beBf5A8a468CBdB3CAFd9,ERC20,PYTH,32.624851
0x03e96c0989F5c6096bd6387e8af2334E2abd2A90,ERC20,PYTH,32.301982
0x5bfF1A68663ff91b0650327D83D4230Cd00023Ad,ERC20,PYTH,31.486444
0x6ce252053150Ad7354aa98ac65937d654056F697,Forwarder_ERC20_0xE55843a90672f7d8218285e51EE8fF8E233F35d5,PYTH,30.830192
0x8d452c1f4bAE385B13933c83EcFf70D74229915F,ERC20,PYTH,30.568469
0xC1C79C6378e5A72895C8eA15fc6Dd59fFddc8dee,ERC20,PYTH,30.546534
0xc219CafDE6855f60dA76d9cacC3873fda65516E6,ERC20,PYTH,30.445551
0x90983607e3049864Fd3962A3a36bde85a745eB6F,Forwarder_ERC20_0xE55843a90672f7d8218285e51EE8fF8E233F35d5,PYTH,30.14681
0xa3320F745611cF004Bf02B8186D89Ab2304A9fa9,Forwarder_ERC20_0xE55843a90672f7d8218285e51EE8fF8E233F35d5,PYTH,30.059448
0xC1D18d7Fc0ACbF04C57fECe593E3cC21d6be5A2d,ERC20,PYTH,29.988168
0x2aFf603eaC292E9ABDFc2ee74e41241BB02E80AA,ERC20,PYTH,29.512352
0xaebE0B1383BC8550eFA793c3f4B65C97Ce80541B,ERC20,PYTH,29.304225
0x572423a8344Be3B1e75539e855200027a4E8E2c2,ERC20,PYTH,29.270308
0x68575571E75D2CfA4222e0F8E7053F056EB91d6C,ERC20,PYTH,29.018537
0xa350122a590FC6c8BEE981a06039436Fff79C02A,ERC20,PYTH,28.817747
0x80aF73FEeF1b9D0f2EF230a548d752E7dC984646,ERC20,PYTH,28.272044
0x2B83aC024B0a4Ba3f93776Cacb61D98310614aFE,ERC20,PYTH,28.228354
0x620e4e2F2573C8d10Db9b16C7e8Ca12742C010F7,ERC20,PYTH,27.573919
0x2A9D0d1C6dEb6D9e18F17a75ee78603004eaba1E,ERC20,PYTH,27.505191
0xcdE2933c2017944B46B466AB9A0dfDfA36e4c35b,ERC20,PYTH,27.504103
0xe085f782E3168c1349296420474aEDB62797019A,Forwarder_ERC20_0xE55843a90672f7d8218285e51EE8fF8E233F35d5,PYTH,26.753356
0x750C0D9Dec092E0Ad2FcD857a4db0e4B1AA66F33,ERC20,PYTH,25.90248
0x17eD9Ed24F146dD26Df2b39AD7cB195E9b50571e,ERC20,PYTH,25.843894
0x6716b6737620922ACC8F8B8A4c2A6D706F3224FF,ERC20,PYTH,25.42263
0x9777dAaBf322d38af7A49A66dC55F3086127baeA,ERC20,PYTH,25.220812
0x70A0E916bf70583601bC3A5B8676a17D354881FB,Forwarder_ERC20_0xE55843a90672f7d8218285e51EE8fF8E233F35d5,PYTH,24.314704
0xF659FAAc0401CC19110321dcc7989c101CceD8E4,ERC20,PYTH,24.313946
0xfdA462548Ce04282f4B6D6619823a7C64Fdc0185,ERC20,PYTH,23.865506
0x36fDb65D2d484b036AdE6A2a418B05Da0c848f1B,ERC20,PYTH,23.795819
0x0459dDa9eB7062E6FDCA6293A4C363722fCA6102,ERC20,PYTH,23.429719
0xd209586D540CEf3863B83A14751CD36aaA3CcA12,ERC20,PYTH,22.520311
0xbE4aC6a47CFF0D0f677B036ebCc1f1d1f07a2861,ERC20,PYTH,22.520311
0xF11EF36611f83bc2A8b32ce952195fc21633BD01,ERC20,PYTH,22.383055
0xF76432B894E8F44BF154859662F6EBa60394D70D,ERC20,PYTH,22.324671
0x2061530BdD693B359761B378B05e1D55abF98c32,ERC20,PYTH,21.435838
0x78323Bca3661a84785dEB29d5281D86b4eac9877,ERC20,PYTH,20.566205
0x0d86A2fd448aD216692238a28d2753DEf5B1d853,ERC20,PYTH,20.38907
0x0EE4e42b1096530f80A589CB13461930704517d0,ERC20,PYTH,19.926477
0x7622F628135378f1B8d1876952DE9bAb80245f1C,Forwarder_ERC20_0xE55843a90672f7d8218285e51EE8fF8E233F35d5,PYTH,19.836433
0x4DCeb8Bd1Eb86f27f10aB83012a8f619d945D555,ERC20,PYTH,19.726658
0x89261A7e4b287671d9C8FA7844ef94F88450a370,ERC20,PYTH,19.519808
0x7e1E1c5ac70038a9718431C92A618F01f8DADa18,Forwarder_ERC20_0xE55843a90672f7d8218285e51EE8fF8E233F35d5,PYTH,19.412784
0xAbd252CfbaE138043e4fB5E667B489710964D572,ERC20,PYTH,19.213786
0xA083d45dC7B97eaF4532F19B112662bD3Adf03A4,ERC20,PYTH,19.109251
0x7c1124184c6F0952e5fB4ACd1246aD1197BFf1C7,ERC20,PYTH,18.928779
0x9869680C668A28Ed04e07Ef0D4675b9ffEB7BdD3,ERC20,PYTH,18.828643
0xc3A1b0600BA577587B6F9441aBf5bAA9f0804819,Forwarder_ERC20_0xE55843a90672f7d8218285e51EE8fF8E233F35d5,PYTH,18.795824
0x4a52078E4706884fc899b2Df902c4D2d852BF527,ERC20,PYTH,18.788053
0xde6fB7FEE1341AB01164D68C7a322e7b5BE9627c,ERC20,PYTH,18.732087
0x2489ac126934D4d6a94Df08743Da7b7691e9798E,ERC20,PYTH,18.667691
0x5B9E9AB32EC036EC15c27581b49d8fb1fEF490c5,ERC20,PYTH,18.610461
0x7BFEe91193d9Df2Ac0bFe90191D40F23c773C060,ERC20,PYTH,18.389464
0x34Dc5595b047F630CFc301F50428CE1406D9B0A6,ERC20,PYTH,18.373629
0xa02c40da3FD0894b9fB4C4980013ea8F037333a1,ERC20,PYTH,18.346007
0xc75811a2eC36214ec940190b7336A689Dad9Ff7b,ERC20,PYTH,18.095674
0xaFB4dbB82babEcFF51d50F73b88e449f875743B8,ERC20,PYTH,17.85796
0x514F857100FD78495a869B4EF268301375AAac3B,Forwarder_ERC20_0xE55843a90672f7d8218285e51EE8fF8E233F35d5,PYTH,17.815409
0xBC1159Fcaa1Ac43E9A12D3F9e3FbE32B9A676701,ERC20,PYTH,17.459455
0xb742da24d6d5803B6c5e4F5BF0fF2c0Ef1E94f55,Forwarder_ERC20_0xE55843a90672f7d8218285e51EE8fF8E233F35d5,PYTH,17.364662
0x6580B4a8af96532eeE64Fc7079cA9DcD3dd1B815,Forwarder_ERC20_0xE55843a90672f7d8218285e51EE8fF8E233F35d5,PYTH,17.308777
0x5D2D82aF3E07B5DD17b19541c4A21E51366D1A34,ERC20,PYTH,17.032497
0xF03C8c6A6aE736AB7089ffe1BbFF5428ec44d91C,ERC20,PYTH,16.06775
0xB5F9883A9318F3c7bC50a40bE24F975885fe13A5,Forwarder_ERC20_0xE55843a90672f7d8218285e51EE8fF8E233F35d5,PYTH,16.02853
0x85eD5D7d62cC5d33aC57c1814faABc648AEc81e8,ERC20,PYTH,15.754631
0x08913d80B4A84B3847551a5F3a043a2FAD26621f,ERC20,PYTH,15.613892
0x95272C5E0f8BD14Ed7f79656b3acE6b06c85E5Fe,ERC20,PYTH,15.422962
0x16099dD4a4201a67C9b4916a4FB4322973507d8e,ERC20,PYTH,15.322155
0x946Fb1b69a0F53599CB685a9A12f870f280c5BD9,ERC20,PYTH,15.290332
0x32a59b87352e980dD6aB1bAF462696D28e63525D,ERC20,PYTH,14.757882
0x0672B2B898Bd5198fb47f368763EC3B5F30eAB62,ERC20,PYTH,14.70998
0xdceb0Bb3311342e3ce9e49f57aFfCE9dEac40bA1,Forwarder_ERC20_0xE55843a90672f7d8218285e51EE8fF8E233F35d5,PYTH,14.397849
0x9e1A66A6A69e6c1FeE4e5dbF1309c12f08F076E6,ERC20,PYTH,13.962601
0x1d2b88A5fc80182c4A7F2cA7b5FdEb5B23330610,ERC20,PYTH,13.615005
0xd2F2f6b0F48e7a12496D8C9f7A2C18e6b76e49e0,Forwarder_ERC20_0xE55843a90672f7d8218285e51EE8fF8E233F35d5,PYTH,13.106092
0x259A077C850AF82146692705Aa72d440A5d6BDdC,ERC20,PYTH,13.034789
0x0eCA4D94Db5b31D0aCdd30650aD33a4E7dBB9b26,ERC20,PYTH,13.02201
0x35e4535B8fB48eb815429104D74b3792d0E730DB,ERC20,PYTH,12.761104
0x3a14AF457029C95F5E02D2c2eAB3d98d43189aFF,ERC20,PYTH,12.393218
0x4436D0999e0F407252D23a9ce9B7071031a0dF77,ERC20,PYTH,12.36562
0x8D9EA09C1087c75FAa39151557De6a30c2A49e7e,Forwarder_ERC20_0xE55843a90672f7d8218285e51EE8fF8E233F35d5,PYTH,12.294201
0x4d6438d510A3CB3C8Ec5d068C01e6c032BD44580,ERC20,PYTH,11.950118
0x0EB8F9eA8FDAD964183303b264B8faF6d78A1A83,ERC20,PYTH,11.470551
0xdb66768419C40e56e04ea62105A7b39307acD3FC,ERC20,PYTH,11.061837
0x6Ac62b6D6988DA0206c409d6b9D74F4f4E3d09A4,ERC20,PYTH,11.034495
0xDeb263240eaDf03BfFdC6036cE652fE4cec96d2C,ERC20,PYTH,10.883934
0xB3e3984BFd8427bcEf4F29d91d093804f22b0d65,ERC20,PYTH,10.840703
0xF237C873Ea8aE93636DE5f61732c03De778c1d08,ERC20,PYTH,10.745808
0x5F82C97e9b1755237692a946aE814998Bc0e2124,ERC20,PYTH,10.701156
0xEd1B43a5730E9E86cEcD250A84Ca0825D4732571,ERC20,PYTH,10.461025
0xc06830694A5C22278CE214cBa0dF198486A68D91,ERC20,PYTH,10.432656
0xdB744A5853A0a8A81FeeDB4eFD5f69F0de6825ff,Forwarder_ERC20_0xE55843a90672f7d8218285e51EE8fF8E233F35d5,PYTH,10.243852
0x7C511353039CFA425180BfCFf434B0A92D720F32,ERC20,PYTH,10.216845
0x7AbF6ac115D3876F719970997990eAb337F2b9D8,ERC20,PYTH,10.084466
0xA4322a26c0FD7a05a7f0aF2e72faee27F808979C,ERC20,PYTH,9.657748
0x9A81755bcc1cC350572B63C7Bee5077507248174,ERC20,PYTH,9.474152
0x59dA03e05a9baa78C2978b3B1374D849E2be3cAB,ERC20,PYTH,9.425925
0x522B72F0963A33168a55C4ff3C699376C2C1041F,ERC20,PYTH,9.361844
0x20D2f98c9ECe97baB56E5FED9F62DB72D71581AC,ERC20,PYTH,9.350648
0xce7E15Acf3DA916a4DF4842C3350248aD74FfC79,Forwarder_ERC20_0xE55843a90672f7d8218285e51EE8fF8E233F35d5,PYTH,9.319456
0x7484B15c13C9FAC467d16C7Eb18D6A1Ce9216F56,ERC20,PYTH,8.920772
0x40F57C37AdDF720a6005a7D6cCac87538206a73e,ERC20,PYTH,8.776963
0x81AcBa11a66E9EdEABaA2Ff28101153724892eB7,ERC20,PYTH,8.730542
0x93617280d57564241b4aD4F4e09e02968F3F2D76,ERC20,PYTH,8.647068
0xbCd5d94cDEF8d32Ad19c0053375964C13084020A,ERC20,PYTH,8.62007
0x20fAA9CF95B691Cb6AE5eFdD28bd6e640C759E8b,ERC20,PYTH,8.385137
0xEcd934E335B71a6bB41cc43bc1C3A21AcA4b22Dc,ERC20,PYTH,8.343438
0x038f20488F7C2BcC4afF7D59c6b1137d23eBD831,Forwarder_ERC20_0xE55843a90672f7d8218285e51EE8fF8E233F35d5,PYTH,8.268746
0x334CE923420ff1aA4f272e92BF68013D092aE7B4,ERC20,PYTH,8.166191
0xd31b976C6816D29C850abE85C8E4D78FDa37490F,Forwarder_ERC20_0xE55843a90672f7d8218285e51EE8fF8E233F35d5,PYTH,8.0829
0x3383F5b36C826506f042B35e50acba721f0381f5,ERC20,PYTH,8.017099
0x755BeeC673f546446990A52Ebf1Df858d9C74231,ERC20,PYTH,7.680863
0x58Cd3e4128353A411CBD7D9c8a1221cF10Fc1dF2,ERC20,PYTH,7.673945
0xd5C5da368527406694554600D4a291921389CFEB,Forwarder_ERC20_0xE55843a90672f7d8218285e51EE8fF8E233F35d5,PYTH,7.547243
0x2AF2b2e485E1854fd71590C7Ffd104dB0f66F8A6,ERC20,PYTH,7.496256
0xFc1E21f82f2232370BD918C1169a11c48E4Fcee2,ERC20,PYTH,7.437913
0x824dE9C3529671956512b414224f2C028041472e,ERC20,PYTH,7.321381
0x01ebce016681D076667BDb823EBE1f76830DA6Fa,ERC20,PYTH,7.079898
0x66d4908E053F7150038b1bF3579cF384fde0BA72,ERC20,PYTH,7.066353
0xcCe6390976D7c96FFf895De188cA4A17F2287083,ERC20,PYTH,7.006292
0x0a6a7158374f58Edb090400d004c90344E1c6894,ERC20,PYTH,6.835134
0x67e5ab5b573F01030a1076dDA7A79Ef0f31A1bFa,Forwarder_ERC20_0xE55843a90672f7d8218285e51EE8fF8E233F35d5,PYTH,6.679003
0x0e8D670D40F8784c7EBb1F1A67902A6086f5f87C,ERC20,PYTH,6.659505
0x1540F6fA70c04E5a5daC6A134D9dD03Abd301B1A,ERC20,PYTH,6.483563
0x193641EA463C3B9244cF9F00b77EE5220d4154e9,Forwarder_ERC20_0xE55843a90672f7d8218285e51EE8fF8E233F35d5,PYTH,6.333992
0x279d1194C9766fE2101de5a832C865936912302B,ERC20,PYTH,6.212145
0xF56D4380594624c6Bdd9Ee58D6060F4310733285,ERC20,PYTH,6.121332
0x8E2eC6F44dBC0C9d831c9C444246aB724a2E6A84,ERC20,PYTH,6.038101
0xE4036Aca909cD049f9A7b7333961E1C1Db7fb35C,Forwarder_ERC20_0xE55843a90672f7d8218285e51EE8fF8E233F35d5,PYTH,6.008834
0x5Bf2141AF1De319aa04d89698AEDa9F9ccf226dF,ERC20,PYTH,5.935286
0xb29601eB52a052042FB6c68C69a442BD0AE90082,ERC20,PYTH,5.930445
0x8FB88D42F8Cfb29C8bC1c6F608E81C1dc241ca30,ERC20,PYTH,5.704407
0x6F37Ad23E589b6Bbc054D61afF6a95e5c3218A54,ERC20,PYTH,5.361253
0xa922137a1430A136bd4416F26785cD5821f68618,Forwarder_ERC20_0xE55843a90672f7d8218285e51EE8fF8E233F35d5,PYTH,5.268474
0xf55486C4df013EE402086b722FFc039Fcb246b87,ERC20,PYTH,5.25489
0x2b2a61E472334257f600c46628c3de1E99a6d2c5,ERC20,PYTH,5.048565
0x90eAA36B25630590667823a1f83Eb4f5db1d99BC,ERC20,PYTH,4.902968
0x5B87844ecbe69f3749afB6e69A35c4Df3e88C88d,ERC20,PYTH,4.805143
0x3F7C10cBbb1EA1046a80B738b9Eaf3217410c7F6,ERC20,PYTH,4.778099
0xD4168ff022F4C87c641df9Df8551bA2d7fF54Dce,ERC20,PYTH,4.713574
0x459A64432c4F19d7D5bAD970A0d8d611F29C325F,ERC20,PYTH,4.704956
0x45aecf2203A4C29CF385E7bbEa0825B3ec328c15,ERC20,PYTH,4.704645
0xAA7A9d80971E58641442774C373C94AaFee87d66,ERC20,PYTH,4.672033
0xf547E6E104cbDbb434683a9431770c95CC1c5A71,ERC20,PYTH,4.653515
0xbDfA4f4492dD7b7Cf211209C4791AF8d52BF5c50,ERC20,PYTH,4.641501
0xB0C186050e90a2dC4340b051c3Ff0E5285e0C6dA,ERC20,PYTH,4.616724
0xabA09ea89797757A86faad95054445B73E2fE853,ERC20,PYTH,4.609048
0x2bB9F760473cd2695301ab8cf06931d61f0BD4d3,ERC20,PYTH,4.432732
0x08cC3F20Fc076CE12867fAEf7d9E4048A2BCd561,ERC20,PYTH,4.432635
0x3602111b951B582678ACcC4E0BBB4393e914d5Ae,ERC20,PYTH,4.413798
0x22e3aDd439202596419DC0Bc768b9B1Dd4aBCb15,ERC20,PYTH,4.368666
0x314d53E5968BbC3406d9Cf8FDCADbbd68bebB0Ea,ERC20,PYTH,4.359743
0x6086563dB6F9cDFab2f4cb2c75E8BB230e572491,ERC20,PYTH,4.278179
0x1D269Cc6139470d81F80F007E23322E4eaC046b4,ERC20,PYTH,4.278179
0xcda5a99cC41ECddE3866B7dC36D5ce5618162eA9,Forwarder_ERC20_0xE55843a90672f7d8218285e51EE8fF8E233F35d5,PYTH,4.262669
0xF5681fbCB1ffC2A281049f1B800572F6935eb97F,ERC20,PYTH,4.218646
0xf0513a91E4Ea520EFC0Dfb7D87fD944326Be00d0,ERC20,PYTH,4.178095
0x5538793f0eD24fD4EA2Fcd5225A40995A8f5Ac3a,ERC20,PYTH,4.082566
0x24659349fB8e68F788dEeC91066179968079Bb95,ERC20,PYTH,3.818005
0xAbCb83117C875419ab026d65B9A37978C6a87427,ERC20,PYTH,3.809083
0x3df883542cA0037346ACff9417fF6a7D68204096,ERC20,PYTH,3.808053
0x9FEEF5F51Fdb694374e3d7Bb3a8330631D298BFA,ERC20,PYTH,3.799747
0xB224614C79cCc0b31dbBfACf4fBcDe178a0D8817,ERC20,PYTH,3.792551
0x4c180462A051ab67D8237EdE2c987590DF2FbbE6,ERC20,PYTH,3.78393
0x8a1ec127978bCC7499b2A188Df2Bd1810F522Ac7,ERC20,PYTH,3.776023
0xb44d432d13C6B52Be6a6A8D880EBF6532E36f4cA,ERC20,PYTH,3.63346
0xcf001a50c6ba7D83d5B83DF59486AcA10db24D48,ERC20,PYTH,3.616112
0x4e938C8D1a6eBBe68138274CA019589bbCB5139c,ERC20,PYTH,3.612689
0xff180948d613bABA1959B8D8c9e96b94959828F9,ERC20,PYTH,3.599702
0x6e89216b6D5C8fBeD5CDb21B7838B801B9a9Ca52,ERC20,PYTH,3.555067
0x9cfA2455Ab78FABE23651f10551705dE03a60533,ERC20,PYTH,3.455361
0x506480CE7dB2848D0Ce885e3999F5888C86Bb729,Forwarder_ERC20_0xE55843a90672f7d8218285e51EE8fF8E233F35d5,PYTH,3.422407
0x94A552a480642522F24f0fADBA0B0dFaB95708DC,ERC20,PYTH,3.269557
0xCf3dE928E1128dFEeB9AdB4e8151a9b1C54B393d,Forwarder_ERC20_0xE55843a90672f7d8218285e51EE8fF8E233F35d5,PYTH,3.218317
0x7724b009933BF8990661A5DF5B4842c05974d5F6,Forwarder_ERC20_0xE55843a90672f7d8218285e51EE8fF8E233F35d5,PYTH,3.212568
0xA0A683Ef1cE94457F4c8dCb99AAa54aF54d5bc6C,ERC20,PYTH,3.137805
0x7b5C6eB7C1149cD18568bbCd2708904B46a92718,ERC20,PYTH,3.131202
0x72938242CB7D4d305b33138c2F7B6387aFD28E82,ERC20,PYTH,3.122635
0x386e96E10447095A99B919DefC955C6D4835C279,ERC20,PYTH,3.113401
0x2a06913D5b8748b222E1236768C24ca19198B374,ERC20,PYTH,3.112647
0x690C1809adc1893a5b8dA53a4092D3F9E8b8D8Be,ERC20,PYTH,3.104895
0x0c6FA8487aa1F89640C8c59f392503cD21a24C8E,ERC20,PYTH,3.066299
0x3605613E7410cD06A3061f790b59aC73936Aa183,ERC20,PYTH,3.051766
0xe025EF5762eb51Da342419b247DA1DD9C396C2e7,ERC20,PYTH,2.920351
0x7F2bd3E24C3f82Cc8290a151B3fAb1804DDc6719,ERC20,PYTH,2.890282
0xE7c8712fC60B20693046c71E5012801eaAfc7217,ERC20,PYTH,2.878199
0x0Ab66ab72EE7355eA16813f39237d397e4FBF91c,ERC20,PYTH,2.874643
0x0E938f234CFf703624a24770A18094CD71e2B37B,Forwarder_ERC20_0xE55843a90672f7d8218285e51EE8fF8E233F35d5,PYTH,2.842164
0x63eAf0c0544c99d9DBDF550659Ef32d3664Aa567,Forwarder_ERC20_0xE55843a90672f7d8218285e51EE8fF8E233F35d5,PYTH,2.820676
0xd01aBA619de09F5C80546ccA0658594D0cC76259,ERC20,PYTH,2.808236
0x55E86F62b6Df70198D80CcAAaf9e871a1ebD7711,ERC20,PYTH,2.665027
0x9ee282880048F4b72bbe67F7C241a66351Be79B3,Forwarder_ERC20_0xE55843a90672f7d8218285e51EE8fF8E233F35d5,PYTH,2.660694
0x2d1f24C8837A94e28E0c2A5E723E190A333B00b9,ERC20,PYTH,2.614772
0xe8d0D6F20Af0785490E07E1FeAc50DE583A902C6,ERC20,PYTH,2.609272
0x33E7Be62D31b59f140F903E86D6920D2caD4517f,Forwarder_ERC20_0xE55843a90672f7d8218285e51EE8fF8E233F35d5,PYTH,2.567592
0xD68ED515FDcF74E3b5dBd8C30A79990621E3F476,ERC20,PYTH,2.56173
0x37701dA0d3a506f0abFCE85c3E26a098f1bB5188,ERC20,PYTH,2.531418
0xfe35E70599578eFef562E1f1cdc9Ef693B865E9D,ERC20,PYTH,2.521486
0x4cB75146e98562C9d79b31649C6C739e4DCB7CD5,ERC20,PYTH,2.479846
0xD2602C7bDFC9F413974e944280BbFae275d1B1b6,ERC20,PYTH,2.473497
0x29F731573b3acBd22A7C6023d9e3CC8EC758de42,ERC20,PYTH,2.447945
0x314e25682848267AE8C96e901434BFC5Dc597C10,ERC20,PYTH,2.435485
0xb99bD7eAD2D2b7f8A7b556fe1097aA6fB7296190,ERC20,PYTH,2.420846
0x6Fa54473743BC51eD33C54348111745cCFD60eF9,ERC20,PYTH,2.334268
0x811570B8cd6605AA9F507623456c963765695D95,Forwarder_ERC20_0xE55843a90672f7d8218285e51EE8fF8E233F35d5,PYTH,2.327232
0xa033DBc9532cbA3B664F4773856E969cd4Dc538a,ERC20,PYTH,2.323483
0xF0cB97201fB0b288fB2092B5dC9Ff3E45F9d1726,ERC20,PYTH,2.283519
0xFc1C09b6847dC0A07a2fb1025fDe79872D0c19EF,ERC20,PYTH,2.206899
0x7dF758a5c5C07c8D8a16Bd273F27c6bA14C8a391,ERC20,PYTH,2.206414
0x5B134e826E55FaBE237Df90A4ab02a41ED3b56c4,ERC20,PYTH,2.184333
0x7Baae4eab0e08eBb47F0B39acd77e390d4F321cF,ERC20,PYTH,2.160117
0x97e5c111888e2813ED073F3f95838e18e18294d6,ERC20,PYTH,2.09638
0xa77294828d42B538890fa6E97AdFfE9305536171,ERC20,PYTH,2.052031
0xFf36b9cb75C9178841D8b75Baf9776bfA59FBE9d,ERC20,PYTH,2.032325
0x9DCb533FaFD132f176407b007C8788883927d830,ERC20,PYTH,2.006088
0xc5DE997A4809c15b64560b04E1141416B1a2A71e,ERC20,PYTH,1.994755
0x2C9bDd583e515EB958CB60ffe663B3acf16412D5,Forwarder_ERC20_0xE55843a90672f7d8218285e51EE8fF8E233F35d5,PYTH,1.988596
0xbae3BAD311A211DBc19C14a5D2995a9a4741abc7,ERC20,PYTH,1.964628
0x2bC12061C8912505978472C21d4a23dB43AF62aA,ERC20,PYTH,1.924443
0x683c1e1D201c584Ea895a1f17e1066f6B2296b1e,ERC20,PYTH,1.890894
0xDFFD8BBf8dcAF236C4e009Ff6013Bfc98407B6C0,ERC20,PYTH,1.876999
0x11Cb2cA2Acc4421d154eBE4C27C351511C1FDb09,Forwarder_ERC20_0xE55843a90672f7d8218285e51EE8fF8E233F35d5,PYTH,1.871796
0x3b2366CdfcebC692d876505df24F5EfD31862d79,ERC20,PYTH,1.851684
0x283Ca084CD3ff3640b7f2436F5B98aA495870116,Forwarder_ERC20_0xE55843a90672f7d8218285e51EE8fF8E233F35d5,PYTH,1.818847
0x25939E70Dc19ef0aa2819f5c6544712a36eEbfa7,ERC20,PYTH,1.817418
0x86515E78e4300f46af86d9b204170D51aeE6AD91,ERC20,PYTH,1.8066
0x7AdC457434e8C57737AD2aCE768a863865f2AaBc,ERC20,PYTH,1.791711
0xd2106a3fd1B09E09eA35eba28de4E48244777577,ERC20,PYTH,1.759639
0xd6578014899175f1177F65889ffE1123f3952A6c,ERC20,PYTH,1.752231
0xE4036Aca909cD049f9A7b7333961E1C1Db7fb35C,ERC20,PYTH,1.750073
0xe76d0d3c7aF5fa2C0806F221cBA88d7E044178AA,ERC20,PYTH,1.738058
0xc8248d16F3E4DCed02572c3A1a37A2183FFb36Fc,ERC20,PYTH,1.726187
0xfA668FB97697200FA56ce98E246db61Cc7E14Bd5,ERC20,PYTH,1.712675
0xc191a29203a83eec8e846c26340f828C68835715,ERC20,PYTH,1.701997
0x65d2570fB9eE1590a10bb8a38ee70EaF2b85Da59,ERC20,PYTH,1.677734
0x04A8C06Ac6D06f25c657Fe61106a485d2583BE71,ERC20,PYTH,1.677193
0x6e832478Aa89FB4507862b2955a3Ef3A9Fbaf3Ec,ERC20,PYTH,1.605188
0x92bF02d1cf3555E1544c190c75c1FAF6A943b3B9,ERC20,PYTH,1.60468
0x5141a72130Dddf729a5C9E86b780A3c03Fa8F549,ERC20,PYTH,1.579977
0xAFF875616630C2f6e4b433B934BefC65453834B3,ERC20,PYTH,1.575123
0x0659305689303121247078edace9EC042856902B,ERC20,PYTH,1.56531
0xEd9F5c9B797cdD09Fb0DF10092b073625dE92Ad9,ERC20,PYTH,1.557725
0x33E7Be62D31b59f140F903E86D6920D2caD4517f,ERC20,PYTH,1.549594
0x5b47Ce248ea313841668A318AFB9a5597d5eFC23,ERC20,PYTH,1.548751
0x13Ae56e4353b0103Cf90B0925B0fC88014c13380,ERC20,PYTH,1.543486
0x978539Ea754110DF7055401A8311C769327C2270,ERC20,PYTH,1.533949
0x09527Af0bDfB521778B7D7E023bDE6b35AAef4dc,ERC20,PYTH,1.533409
0x14D15F15f1151d82E0aa5f2443b7dA68F981424C,ERC20,PYTH,1.524052
0x2068D14Ee50772DD6e89c6F64F32Adad0Cc936Ef,ERC20,PYTH,1.523807
0xd7Dfc5F27cCE8F0D1b970894C338f7fb3c30264B,Forwarder_ERC20_0xE55843a90672f7d8218285e51EE8fF8E233F35d5,PYTH,1.497424
0x5805EC51c516e3aa9907D2dbfFeA7F267B1baA23,ERC20,PYTH,1.480402
0xB0Aa56926bE166Bcc5FB6Cf1169f56d9Fd7A25d7,ERC20,PYTH,1.46403
0x365d2466C2CE58942a92dc1d685B4D8306341D3B,ERC20,PYTH,1.431589
0x4bdF841E3E4ad16f44d80f59ebaAfCF79bECED65,ERC20,PYTH,1.431178
0x341396D458060aBA2bA7Ebf1aeCF2AAB7aEA878f,ERC20,PYTH,1.422354
0x890c01F574e819981C6d030505500b552f6132df,ERC20,PYTH,1.407431
0x49BA4256FE65b833b3dA9c26aA27E1eFD74EFD1d,ERC20,PYTH,1.406495
0x264F25998a53E413D4F790D6a20632680f1552f7,ERC20,PYTH,1.390182
0x7bc7322B8f164c32D8AAF852B053F7EC9613B0d4,ERC20,PYTH,1.387483
0xe15e79d7f18e36029B69e0850C513B8333465F46,ERC20,PYTH,1.365646
0x50d44486B9A8e03997DaA7F5DBE3F721B0004AB9,ERC20,PYTH,1.363966
0x38fe88132bB86313A8B17d8a2E3fA15044B259f0,ERC20,PYTH,1.34607
0x41C247E7148a68b2853Ad4Cad9Fc05f0E0D7e9ef,Forwarder_ERC20_0xE55843a90672f7d8218285e51EE8fF8E233F35d5,PYTH,1.340886
0x5505F7442fcBAD24F65265c422f8A055993815c4,ERC20,PYTH,1.334031
0xc04032bcbcCE4d43ef978cC808F1D2dA5C0Db3c3,ERC20,PYTH,1.30613
0x6d36cCDa61370f1401590F9022fFcB5b71af6142,ERC20,PYTH,1.285346
0x0F46a5D6c8Bc974Eef4DE5d1D3Ead5e28ACE889f,ERC20,PYTH,1.28199
0x00e043300EbEBd0f68E1373cC2167EebDb21516C,ERC20,PYTH,1.272984
0xDB9d792D13Ed5A88972ad83b1A678f656378EC2C,ERC20,PYTH,1.255432
0xC1A3078e1308ae72c79B472A92b1282Ddef5Bd7A,ERC20,PYTH,1.254999
0x1c7588972F3719B144f9f91E645D4b57e1F7Cfc5,ERC20,PYTH,1.253861
0x4BA1C787B704Ccd43d86C7A43E5c8166d4BD213E,ERC20,PYTH,1.237796
0x20817330C91c54AADE2cB440fc1E32508Fb5b55B,ERC20,PYTH,1.232069
0x0B367ab146E080B4a5C608EeC59691F1340fF3c4,ERC20,PYTH,1.218136
0x420Fc858103a9803C6681A1179B524347B16d2C3,ERC20,PYTH,1.2106
0x5c7a433E4BF6300B6cA314Ac58dd0ad656EbCe5B,ERC20,PYTH,1.196399
0x10027D8f80c1B33a07c94f79780c1d5D72A985b6,Forwarder_ERC20_0xE55843a90672f7d8218285e51EE8fF8E233F35d5,PYTH,1.17733
0x4B2F6D3A23bADb60c8405d50289eF3daB9109936,ERC20,PYTH,1.156778
0x4F579b878eEBf064b1d1f1d8b8032F869ec65019,ERC20,PYTH,1.155037
0x63155498A06d3F058ECd453c5a0d94Fb3a11Ea4C,ERC20,PYTH,1.131241
0xe517d3ec2b674Cc6e4a6CF3CdAcE34374766C0df,ERC20,PYTH,1.130791
0x0Df3206a98F9feAD898Cd5Bb8CedA5BB8DC9563c,ERC20,PYTH,1.124254
0x224e69025A2f705C8f31EFB6694398f8Fd09ac5C,ERC20,PYTH,1.123772
0x0b5CC691fBF7923da8a30DB4A8bb8c9F9CE9f7d5,ERC20,PYTH,1.116204
0x6d5d4fb55c61019c5eb9236c3da58c774B8232D1,ERC20,PYTH,1.091379
0x09D4119a212d679f7Fa3f8CD21066D61e1AdE475,ERC20,PYTH,1.083151
0x3F6dc5e806ce7f4872D362099EaDECE0183b22cC,ERC20,PYTH,1.080519
0xBF5310fAe4D7a0C6dF0452bCDA09aEFA2748Ad59,ERC20,PYTH,1.08044
0x0D389aa79159030f4c7651eA98F56193f448C3F9,ERC20,PYTH,1.074033
0x88dA56FcEfe3D97F04945cAdcE2944B239592745,ERC20,PYTH,1.06915
0xa5b7891cfebDCf04B62Ede5D68E7cE524d4Cdc86,ERC20,PYTH,1.02606
0x7285502ED0A0Ed25F65941E480bda7114492acF9,Forwarder_ERC20_0xE55843a90672f7d8218285e51EE8fF8E233F35d5,PYTH,1.024555
0xF56A97542daaC54aE64Fd26A0B54AFd31863ab4C,Forwarder_ERC20_0xE55843a90672f7d8218285e51EE8fF8E233F35d5,PYTH,0.9318
0xD68BD6b73F38A971f33405B7Fe318f5b795a6A3A,ERC20,PYTH,0.900932
0x0C6AC3FCEA667fD6C62483cE1DBbce6f6ce0fB1f,ERC20,PYTH,0.89551
0x631f82fB2A62496d28780A821f47786b05e2278A,ERC20,PYTH,0.889864
0x57c3A90d0C8db66B9015e4d060655492f50EC925,ERC20,PYTH,0.88914
0x1Cd4240DA97DD6dEfec08ecc466A3a64Ed95e466,Forwarder_ERC20_0xE55843a90672f7d8218285e51EE8fF8E233F35d5,PYTH,0.881634
0xB596D8EF52d72495b3fACA312555E43bE7058767,ERC20,PYTH,0.880358
0x99cDcC73302f6F51Dcfa6DD81890f075e091AF3D,ERC20,PYTH,0.878714
0x665598C1Aa29A551c683c964965Af54b72ea2be1,ERC20,PYTH,0.877075
0xe9ff175197651837c9E2a9432B14a17F6142d282,Forwarder_ERC20_0xE55843a90672f7d8218285e51EE8fF8E233F35d5,PYTH,0.874216
0x59E56C710Fd605CF8263e5Ad3537911cb437de68,ERC20,PYTH,0.863807
0x9fF10612aF2b7ab14dCdaeB2f8E41AB6F54d020D,Forwarder_ERC20_0xE55843a90672f7d8218285e51EE8fF8E233F35d5,PYTH,0.862365
0x772D480FCa2F4A31D60171FA74AF412779D0027c,ERC20,PYTH,0.852833
0x7d3815E8FAe8BD3148Bc68f1a0513070665eBA9a,ERC20,PYTH,0.852171
0xB4dC4C7460c58E7652Cd615675a1F707EbB67E9a,ERC20,PYTH,0.851133
0x01A8867091917B01b2726527d12BF6E590269C2F,ERC20,PYTH,0.848185
0x5eB0cf5F601f7Fd0816f632af338EFb292B01316,ERC20,PYTH,0.828336
0x016fDaa40c2719945b73a835439F7C573c818511,ERC20,PYTH,0.819707
0xf6925Aea9FEc4db60f8A722056Ae76961a4C945e,ERC20,PYTH,0.809249
0xC0793466f60f343f6C98183AE41eC6190Cfa94cd,ERC20,PYTH,0.807808
0x0bC71bB95Cc09743E22B1dB6C282Cdc295ea1989,ERC20,PYTH,0.801623
0x64E744F718ccFE9a31E1A7076De3e7ec29Fbd8E4,ERC20,PYTH,0.786406
0x0D5901ECAD0BC8786a9b6fa53A19CE465CcBA199,ERC20,PYTH,0.783388
0x405a6eaD5c62657ca0EeBDB26b6CAF99b24b1fc9,ERC20,PYTH,0.78298
0x99Dc5648b582852387164a7b85A32777Ed04EAb3,ERC20,PYTH,0.78285
0x1bDb7606Fc0008C99DCB2784C41Af11fE42E07Ba,ERC20,PYTH,0.781409
0x66e1A0522aAe18c0C5eE4287276Da2095be3625d,ERC20,PYTH,0.779869
0x3fAbf17555376568b20c8688B708b691553f339D,ERC20,PYTH,0.763787
0x9142A918Df6208Ae1bE65e2Be0ea9DAd6067155e,ERC20,PYTH,0.761996
0x5b855bc0cff6aF143Ff74E5257adDba80e8cA015,ERC20,PYTH,0.760517
0xEEEE451963d5A81C9D94776C9519ABb6b6342Ad5,ERC20,PYTH,0.753312
0x948a10c12864c387b5d62eB20b678CB9420093F8,ERC20,PYTH,0.75279
0xff8FF7bf3b01619a3eB99A59e3ac263aAEBc5Fc5,ERC20,PYTH,0.74778
0x5dDeF75a8C992d0fdcb55cCC0195E70698113573,ERC20,PYTH,0.731394
0xbae3BAD311A211DBc19C14a5D2995a9a4741abc7,Forwarder_ERC20_0xE55843a90672f7d8218285e51EE8fF8E233F35d5,PYTH,0.729244
0xBa383aA9b50DeFB650b47e011ba1064B0EA15cBa,ERC20,PYTH,0.726945
0x97f9F36fdA8771572fAb2D38Ae4D00Fa91117DA7,ERC20,PYTH,0.72495
0xf5Fe364D18F4a5A53BADCe9a046ba74cfC97f6Fb,ERC20,PYTH,0.721971
0xBc9A201cf79cCDED23f888cc8375c6Ab6e0Fa9ef,ERC20,PYTH,0.712143
0x3DBe2B199E14e7450eEA130b5F6B468c8C7dFD8B,ERC20,PYTH,0.710987
0xbBD47F214e45a18B4e222840fc99f18cFf93ab75,ERC20,PYTH,0.698632
0xEfA117fC408c83E82427fcc22A7d06302c542346,ERC20,PYTH,0.690402
0xe60362529AbdAF4bEC9784594395D70dcaaFEb69,ERC20,PYTH,0.67491
0xCed9ACd38b726EaB36D721f4C3779D2Be28d90E7,ERC20,PYTH,0.673452
0xAA98177DAD812fdc8b37ec61d5f16A4Bf890F2C0,ERC20,PYTH,0.667051
0x39c31A899662Da8BBA43862c82C8bA531Dc61390,ERC20,PYTH,0.662421
0x3317b15136EaA9e17FfadaD0AA911FB8ec37E769,ERC20,PYTH,0.660582
0xaD5116D1f9F3D2816935b0Df95a58750745eB308,ERC20,PYTH,0.659419
0xD8c84eaC995150662CC052E6ac76Ec184fcF1122,ERC20,PYTH,0.652067
0x7F49fbDbA7918c02e7362006Fe453BFb22737102,ERC20,PYTH,0.630923
0x1092344BD96F351a00D07e75fa4974076342b779,ERC20,PYTH,0.626497
0x74715e12d34706Dc93DF96D2D8e813fb06Af146A,ERC20,PYTH,0.62595
0xcd262b16421Ac23D13D345E4e08875374d5235bF,ERC20,PYTH,0.62204
0x819Fec659e1C225ce330B02e01f1e4c629E92A7a,ERC20,PYTH,0.618822
0x0a04C869D4d48E3D4659260bf61CeB8df95DFAA3,ERC20,PYTH,0.610238
0xe794D5984A278A5Bcb84097AA93b350A7865e903,ERC20,PYTH,0.609234
0xb102bE5f95A70cEE4c2b2c36a5387476e18974Ae,ERC20,PYTH,0.601196
0x1883952756815C18b6677979Fc467662fab413fe,ERC20,PYTH,0.600656
0x1740735D7ff5790024d6bcaa69589b14B2C394E9,ERC20,PYTH,0.599204
0x9B2855918FFF918739D96b1d930B1b3e3a0a9500,ERC20,PYTH,0.594624
0x2Eeaa7534aA31545E98319ed72827dA53264775f,ERC20,PYTH,0.591557
0x965Fffa0eBa9B554417d280D5E7e0FDb56250cFD,ERC20,PYTH,0.588083
0xE331EF612cEBC0aCA6d0B586542b3c25C82350Bb,ERC20,PYTH,0.584902
0xA22628aF5731EE4ED03817606E9412F842BE60F5,ERC20,PYTH,0.584797
0x8c694E14a78E3e328affeb7272ec532De44fA6D3,ERC20,PYTH,0.581374
0x49C25a28CC63137B3c7300AEbf64FA8bE4652a10,ERC20,PYTH,0.577629
0x373C71b573f5d5bf110DdE465184FfaF16D3B7ac,ERC20,PYTH,0.575362
0xD415b349226cbf2905eC596695F5A6907A308B54,ERC20,PYTH,0.572376
0xDF7bdB2D8e3c2c39b9367D887d497d450ad1c597,ERC20,PYTH,0.569054
0x7BC0220032117a23Ec914DF710ecb26336af286c,ERC20,PYTH,0.567888
0x443d1614245BD620128808eA8fE1CFd098aBf332,ERC20,PYTH,0.552076
0xb3a7FBC2fa38C18ad4433aE93FE7F215Fd2D057f,ERC20,PYTH,0.550909
0x31F4529D3Dfba6E85FF81C29BCF8fCa16A863114,ERC20,PYTH,0.54383
0xad500EB3Be8622B647B923c00dFc66577d7213b9,ERC20,PYTH,0.540852
0x24695e871abef73E9C5eEeb674A681Ec40c074B8,ERC20,PYTH,0.533271
0x25B99f078903F7702D3F44b1f8a4fe88Bc5d1036,ERC20,PYTH,0.519837
0xbBB0552f6BddD571C0F73c8E085Bc01d9d1d8E91,ERC20,PYTH,0.517546
0x918d912d5d4058c4e5D43c212dB7E4f5f4947213,ERC20,PYTH,0.49231
0x3afb5EC38Dc42d310E4552F19Da56b13dc2ff8fc,ERC20,PYTH,0.489724
0xFb92dB99bEE2Ccd87726bDe2D96e307b8Bddc9f1,ERC20,PYTH,0.487273
0xA6001631424ba2c9834903125c4218B91cf00c97,ERC20,PYTH,0.486276
0x6530519659330d5E20648fe549Bc3Bf1e2Fc3cB2,ERC20,PYTH,0.477591
0x154BcB8F393d1bB9A1CC882a0174eAFFeFF16B30,ERC20,PYTH,0.477081
0x09F213953D92F865b949B3E39b9dcFaE687d4966,ERC20,PYTH,0.469815
0x30cE132bB163B1189A8eaa07A3891ea78B91c677,ERC20,PYTH,0.468702
0x988cc75eD920C4D90a9c7C44Bf50B2C0D8ff37fE,ERC20,PYTH,0.462911
0xB582BFDeCc4e44931D71FD569e59E2D7cD090b1e,ERC20,PYTH,0.460329
0x0F9E4Eab5b847201Aa17C89A3402c1206A8156bB,ERC20,PYTH,0.457605
0x20a05ae8efE1EB91BE0CD07356BC20EdA9C2E298,Forwarder_ERC20_0xE55843a90672f7d8218285e51EE8fF8E233F35d5,PYTH,0.449917
0x8F2FA5896E1581616ccE7D85fF69B33D23c0e8be,Forwarder_ERC20_0xE55843a90672f7d8218285e51EE8fF8E233F35d5,PYTH,0.448298
0x6Af5Be7D013766f201bbD9377287B303488fc691,ERC20,PYTH,0.447927
0xA61C114E38cEAc5BDE6325956F4e808582690329,ERC20,PYTH,0.440473
0x4c710B38199f589DD769D36eD52b6d0170cb83EE,ERC20,PYTH,0.438326
0xcee630294053d5c7DbB3bB9764eb35792Df8141c,ERC20,PYTH,0.434857
0x996f0C8935ebf8895CA2f85f5Ad5c8Ef4Fc322Ae,ERC20,PYTH,0.433007
0x8F34c28440393d9010DaFf96307E4F43b97FED14,ERC20,PYTH,0.425609
0x77D89f47321Cf2a19dDb980Cb6657c74F6bFE730,ERC20,PYTH,0.417707
0x77C353A66F8a7CeBA4819c6D042722E0aCe6105d,ERC20,PYTH,0.412709
0x99a12A2211f33AD237b10Ac6Ba7Bf78929a49f3f,ERC20,PYTH,0.411869
0x9de2FF856d00941F328EdBC58F0ba3fFF10f6116,ERC20,PYTH,0.40848
0xdE848f5949206a9e66e1800e2C5a69D2601FbC22,ERC20,PYTH,0.4067
0x68Ca2077669a35BA1419bc406860025c5ebfd5F7,ERC20,PYTH,0.405322
0x206884CAd656298f3cB333b4A9aFAAdD085381e8,ERC20,PYTH,0.405166
0x990b6d01A9ccB973320ae25AADaE40df69287f7C,ERC20,PYTH,0.40162
0x72889291Ab95C4FD360fA030AE7f2d4e305ACB61,ERC20,PYTH,0.401016
0x1e6358F25F0e0558c3AF79153ADA807d75Dc0726,ERC20,PYTH,0.399683
0xa6C11f4DeFFC6b06D0bB7A64244cB9E59a7D6718,ERC20,PYTH,0.397905
0x5604c877EDc1f5795B5eB532Fae44668FbE70066,ERC20,PYTH,0.397246
0x5033724d9D1314832973F50188ae6AfDF83B7e32,ERC20,PYTH,0.391179
0xe6F0B1321Da636A2dfb1E5DE55a709EEDBe81A28,ERC20,PYTH,0.390553
0x9fA602056adB268834B9F8C1798236f23794d976,Forwarder_ERC20_0xE55843a90672f7d8218285e51EE8fF8E233F35d5,PYTH,0.389286
0xB7e163C290F1301adC7d37B42ed6d7067093516a,ERC20,PYTH,0.388233
0xE0a6c2F26944B3762F7fEAf520672f79bBa488e1,ERC20,PYTH,0.38804
0x8F5915A19Eb2Ba78Bc90aD0317d9ed0d161CBfeC,ERC20,PYTH,0.387915
0x15f0956dF7F8170CE682398de876A6AE47BBfd00,ERC20,PYTH,0.387472
0x952A5D9a8d379D2Df6621F468aB6316D4BB7b45f,ERC20,PYTH,0.385944
0x2f338D5d249661Fd5d7b3cFE6F74C1F96EAa6669,ERC20,PYTH,0.379986
0x6cc150449d10aFbc5d2f4B9041aFCC8fBebeadf0,ERC20,PYTH,0.37789
0x81902402948cB9C0CeBF32576eA470B7e13f3124,ERC20,PYTH,0.375032
0x31d4DCc55AbF901ace6E18188151113B9971740C,ERC20,PYTH,0.374117
0x708796e46B7204FbBDa072FE6980991F1B99C392,ERC20,PYTH,0.373232
0x6E702d8265FCE644048060D8F2716EA553058185,ERC20,PYTH,0.372287
0x543Dbf1E07bF2227C827e550D5520eC504cF0729,ERC20,PYTH,0.369673
0x679E5064FA8b307C4d6C60C69F41C3292D72d04d,ERC20,PYTH,0.365999
0xd65E87f756d0F21FAcEb8D32eACC509c1284f25D,ERC20,PYTH,0.365233
0xF168B094577AfF84e0c1fa67a661775fBAc7E6fa,ERC20,PYTH,0.365121
0xd84D7BDc4b79171917C81ddBB22A01139EB4cd84,ERC20,PYTH,0.362638
0x7489b1481A60408A6625bD5E3e390C6D1Ced2760,ERC20,PYTH,0.362244
0x489D69939b4Aca357f630055e351A81F1Fbb7Fb6,ERC20,PYTH,0.35876
0x2E5d1384E961AfBf56273079f256DCc1F10C13f2,ERC20,PYTH,0.357466
0x995482968992eee76D163e7A1791CdbB84E12616,ERC20,PYTH,0.357398
0x7C827E0AeE083581B98C7A62b9c094d7674B71fd,ERC20,PYTH,0.357367
0x6aaDe9A26ffA38040973965169D094ea4E17e608,ERC20,PYTH,0.356302
0xCA7963d2FC0370E545cd736aC41E97b1Fa0A7504,ERC20,PYTH,0.356292
0x2d040D4747a71012007b905917CB4Aa061d6e631,ERC20,PYTH,0.353725
0x3f4113f86aA26c5e7d5Dd8BA689e285Ea0D8Dc6E,ERC20,PYTH,0.352809
0x23A838250330bc2eB0F21cBB1937393874f1d215,ERC20,PYTH,0.349316
0x59D7bf06f0db8362f1aEe61Fc8b9C77862c07AB8,ERC20,PYTH,0.349316
0x37BFE406209dbEA228425DeBb8A96D4748B6C639,ERC20,PYTH,0.349316
0xE7bb2125cC6310419364E79d3d7cF74c40f54042,ERC20,PYTH,0.349316
0x0771c7e2a11cbFe3613aCb97d79E9Ae69416A571,ERC20,PYTH,0.348174
0x21606eE18fc1c9B398c25f56e98E6035ab434299,ERC20,PYTH,0.347917
0xBB5BC88fd6e29796c161f82F006Da16F0930596b,ERC20,PYTH,0.347149
0xF3D9281fa183B74F32B96E1c5244596045f4edE8,ERC20,PYTH,0.341949
0xDfdF190A9736d434402DA12DD826047C254DB6bA,ERC20,PYTH,0.34034
0xF479b79a8D4A654E4DfE5FA4Cc70B4958967F0d2,ERC20,PYTH,0.339964
0x80C43B82bEe513C70bFD332888720D9bE2e3b955,ERC20,PYTH,0.336787
0xE7bFe9b78d32469796dEB029b2bea3d68773aec4,ERC20,PYTH,0.335953
0xcCDB3Cd7b6A66199F32DbB8b7260DD9627e0244e,ERC20,PYTH,0.335705
0xA6AfeBe6b3545De9148ac7078Fb4d548f342fC78,ERC20,PYTH,0.334652
0x9Ec36d306B430Ac5C82B7096aE0331Bbd1da3a43,ERC20,PYTH,0.334046
0x7F85Cf44E446a4B1AaCe2A28774E88cd6d4e3441,ERC20,PYTH,0.332491
0x2B29833a831207A3B92102b0708B32D624AA0F65,ERC20,PYTH,0.331442
0x1A162A5FdaEbb0113f7B83Ed87A43BCF0B6a4D1E,ERC20,PYTH,0.331263
0x5a0FfF32F4c17837b98A6c0B4128Bdad735D27bE,ERC20,PYTH,0.330082
0xf371BD1DB5019480B2f4101e5eC7192F318Fc21C,ERC20,PYTH,0.328703
0x003E573EdA70d3357c55a403E446D6d9A6D84387,ERC20,PYTH,0.327593
0xd543422A54D1703616b453741Aa1eb654Adc1044,ERC20,PYTH,0.326913
0xAa4F982c1Bee0cB94e9125EAa96CA87611874fb9,ERC20,PYTH,0.325207
0x856DC4a12f08AFA49f42B52F81769A96505f312C,ERC20,PYTH,0.324586
0xCB5C5156De1d3187220fadc3da369Ca5b19f2d61,ERC20,PYTH,0.322236
0xe05bD6F4409dB25a59007e6ce0f0946f7E1Ae69a,ERC20,PYTH,0.322138
0x55F41e82f158dc9E9039992a3e5e12d60c973aB9,ERC20,PYTH,0.321743
0x58B61d71A801BEffe49Ed1A8E01A908be965Ca1B,ERC20,PYTH,0.321068
0xFFD8408e5aa5a246F81311f0de081705B3fAf80D,ERC20,PYTH,0.319862
0xE823cFC80D10eCD923977EE674a8F8B0cE8EAa37,ERC20,PYTH,0.319048
0x2C97bB6058e7a7f61768464AAE86470D9BA57421,ERC20,PYTH,0.316417
0x68B8D4dD5c3cea5211Fc825Fc15B2B0cDB0092B1,ERC20,PYTH,0.315913
0xf9C39EFE511c16017B8DC86670dc3dCAcb3fF8aC,ERC20,PYTH,0.315466
0xcBaDdb6f626f63F694026daE82d695857138031f,ERC20,PYTH,0.314848
0xe6b9f47da2Cf4CAcf93c7788675d80b35093ccb3,ERC20,PYTH,0.314782
0x6399dF34156A644ACD3109Be586D8eEDBfF8dc2e,ERC20,PYTH,0.308697
0x301F987355e3384b53B5FDe68e11616969BcCb35,ERC20,PYTH,0.308372
0xf3ecB061E7b46CC9e67CceF79A869aBA4c47b640,ERC20,PYTH,0.30706
0x5e808887f7E6fE3D56c016B4bd2E51218D427211,ERC20,PYTH,0.306341
0x29558f1FC9f0C96F4ae71f639F0B89280Fb942A2,ERC20,PYTH,0.306156
0x4B2420ebB586754EF71F288F5401064FaB6A1D5F,ERC20,PYTH,0.306097
0x76B3F088D6d4C8FeDb8149c9fB8130cb5aC9c3Bb,ERC20,PYTH,0.302944
0x7C64C3C3F21109eB0503d59DC9d7cDc42F6b5b5f,ERC20,PYTH,0.302096
0x360b74a47F58405bdecf33811b1f2ca37dc66320,ERC20,PYTH,0.297074
0x58d8984447086CEbA3CBE591fe71970Be3402DF2,ERC20,PYTH,0.29278
0x00396f9b20388ee51473c5045ABc24924EcE3B06,ERC20,PYTH,0.290442
0xC3d8A431312ffBB0fc106C1e0282b14712FcBB40,ERC20,PYTH,0.289827
0x8c0401f98d71d738Ee93d81B2992285794Fe9e5e,ERC20,PYTH,0.289579
0xd70A9dcD0753dD7aD9Cc49d434B91659A6165512,ERC20,PYTH,0.287017
0xE98c760735C39AD36C6B2c5C57dd0cBB3BfEBFB9,ERC20,PYTH,0.28629
0x6648D39dd323adc816CADcAdA011d2c497C5257b,ERC20,PYTH,0.28561
0x8DF470AC7584D4E0b59Bc0Ce53951F94EaB9F1Eb,ERC20,PYTH,0.28318
0xFEc9703183918d7fF6B2f0E8576be4B1fe76C120,ERC20,PYTH,0.278603
0xb7BFcDC3a2AA2aF3Fe653C9E8a19830977E1993C,Forwarder_ERC20_0xE55843a90672f7d8218285e51EE8fF8E233F35d5,PYTH,0.276393
0x6Ca8909858D5ACe2D3A11182828dDE2b48F56FDF,ERC20,PYTH,0.276239
0xA45Cd04A376B8014289db9D91aAE741957fc8bF6,ERC20,PYTH,0.276068
0x90c6d8ec62B703e68c45D298684cDb942c37b301,ERC20,PYTH,0.27537
0x4Bba53c9AFbBDc3d71Ba06dC7C0A8835DCfAC9B3,ERC20,PYTH,0.273043
0x25DFbD132E734D55Cdb1FeEd514A46C6a8E3c65e,ERC20,PYTH,0.271559
0x14677b09DFd7aF2e33b47b03DD80ae3E027982Fa,ERC20,PYTH,0.270661
0x27390d3D4bcd77a5e0025f07090492701adadA74,ERC20,PYTH,0.270224
0xcEc6605d05788A02Cf4C7ac20116e0612A820251,ERC20,PYTH,0.263897
0x28ad1cA34BCbf43A720722eD1A2f6Fb71C909E79,ERC20,PYTH,0.258421
0x80E2dB20022F9a4c372897F97C09dbCb74C12820,ERC20,PYTH,0.254867
0x6f745bB328a35D81A021C3D38cEcD381852AeAf1,ERC20,PYTH,0.254379
0x6F625ca653FCb4cfA2424CBE958aeF8C6690c717,ERC20,PYTH,0.254306
0xad39011C8589Db50CBDC6064Ab80d7bBB69f0917,ERC20,PYTH,0.253295
0xc34C6bb84Ef5edfA2C8b7271B4F87c2Ee626d170,ERC20,PYTH,0.252419
0x24f8D92794A283B454D1Fc32722F51A4f3Bc1ae5,Forwarder_ERC20_0xE55843a90672f7d8218285e51EE8fF8E233F35d5,PYTH,0.252295
0x33898903C17B2B4cf37782535691baEbC744E590,ERC20,PYTH,0.246303
0x65bd78d911B013c32ac6483e3a755aF110C36EaA,ERC20,PYTH,0.24505
0x0e9A42c397b1A36FE7126f8e1e9c77396fAA026B,ERC20,PYTH,0.244395
0xB0F7845E55f077E72aa5ae66366168Bf322716e7,ERC20,PYTH,0.238402
0x9C2E168d59B7A167Ec0184B901F8D7F293D4f3b2,ERC20,PYTH,0.232635
0x3de96A1B47a74c8D7CE83b1aa7670d9664F22289,ERC20,PYTH,0.231505
0xAdE62b4cb00d520407B416A139d075f24a8E17c8,ERC20,PYTH,0.228802
0xcE96fE7Eb7186E9F894DE7703B4DF8ea60E2dD77,ERC20,PYTH,0.225203
0xec875eCE06Ab6506551ED0951BAa3c160b9da9A9,ERC20,PYTH,0.224512
0xDF7bdB2D8e3c2c39b9367D887d497d450ad1c597,Forwarder_ERC20_0xE55843a90672f7d8218285e51EE8fF8E233F35d5,PYTH,0.2224
0x54689fd2D989C0c0498c87794B93309bC3872C80,ERC20,PYTH,0.219931
0x7D1C5ca16F0bc38494de84A49D65e840FF421B05,ERC20,PYTH,0.218881
0x80B5DA500B832aE5Fca7514079375cc70ddBD20e,ERC20,PYTH,0.218433
0x4d51A39B4b74502cC5016E15e9106327936e3C5c,ERC20,PYTH,0.217272
0x3016F44012531f182dF6C136Bd2D344aAD4cf3F6,ERC20,PYTH,0.20973
0x0883b2147A8F9a3F144f22CC769d7d73A6a7D7fc,ERC20,PYTH,0.209342
0xfB436DAF78767691C4a1C05083C4D789b07dFc54,ERC20,PYTH,0.208389
0x5CD04c45827B0156d4f3E6411564A03423DD558b,ERC20,PYTH,0.205563
0xfd8DCFE45e4Ea1460c2c2D094698C8DC31f402b1,ERC20,PYTH,0.202906
0x9f8B575f705cF570b46d5daE4B8B4B8374C0dE0e,ERC20,PYTH,0.202884
0x5445a649a1Ada9bCb8853217272496fB705De651,ERC20,PYTH,0.201298
0xb84F2022A67EA830B40D897742C4e731fFe9bFEe,ERC20,PYTH,0.200343
0x82E7ceF6496893Ed5C58DC459a0F436375A99E08,ERC20,PYTH,0.199952
0xba507c0F357b806ec57c311998C7eBc5dEA3d5E7,ERC20,PYTH,0.198872
0x4Aa6124C7dAF7d2000a421818640f911f52961B4,ERC20,PYTH,0.194522
0x5eB15699e3674a6EF5Ab5F967790BfB1CA4E04C1,ERC20,PYTH,0.193589
0x9902429a09d23531f11f2992F4A7B8C6357Eb812,ERC20,PYTH,0.191789
0xF86DC02d2f87484409920293793E4aB52f1176DC,ERC20,PYTH,0.190434
0x4a5B91D9453eE9aa54B74b3a2e4405042b9307a5,ERC20,PYTH,0.19039
0xED1D83759295b273C3ef3a2E317c40D8e621CFAb,ERC20,PYTH,0.184064
0x597B76dF1B7A13D08D8074A9D821a7885dBD821c,ERC20,PYTH,0.182015
0xb56b095001661De744cedaCd355916039bBA3c27,ERC20,PYTH,0.17546
0x498D76cAc28004De6Bc136a4EA59F1c6f125BE0c,ERC20,PYTH,0.175101
0xaE3956065C9e4Fb22685932eA9274203038aD578,ERC20,PYTH,0.171376
0xE90E626BEd62d1a384Be8E51EcBa2f341D63560F,ERC20,PYTH,0.170813
0x8aB7091DAcd6e4FF3C6f80ff1Db02616F553C432,ERC20,PYTH,0.167874
0x8FF5584997CE7ED71f4604f64534eA1b37B4a2C9,ERC20,PYTH,0.167476
0x803abb0748Dd3f6d2f401a368a94DC2012130B83,ERC20,PYTH,0.164582
0x37b5fD0DB7b68A5E2D3ba23e4140bf93EEef39FC,ERC20,PYTH,0.163501
0xf1373db158110232944557Dd49553095e6a199A2,ERC20,PYTH,0.163375
0xe4775ec96b072f77D613b6A9442dBba98237bc5b,ERC20,PYTH,0.162658
0xbF7Da1f568684889A69A5BED9F1311F703985590,ERC20,PYTH,0.16179
0xd495c43fc1d888e2E7a97d6FA409674b775eaC41,ERC20,PYTH,0.161602
0x25B7dD13D28AeB4bB3EE969A67117d4ac602434b,ERC20,PYTH,0.161177
0x3cd2C1760c4333309C7d407BE71cD6F9Ef327fda,ERC20,PYTH,0.160616
0xA0C9d04253ce5559B65654C5ef8742a75cc88Bc4,ERC20,PYTH,0.159311
0xA8c4e3ce1743D0f2A6c227548C982a7C40569940,ERC20,PYTH,0.159297
0xc5e38979d2bdD958Ae6C27E88Fb11957Ec425D7b,ERC20,PYTH,0.159246
0xAf68f31b137c3927Cb309C7Fbfa4bcAC46E12eE2,ERC20,PYTH,0.15769
0xC650Fdc12b2e9221eD1d6bC69c5E8B32B327E785,ERC20,PYTH,0.157167
0x9Ea14cdffc5387686d47b45238BA7a7EB45A955a,ERC20,PYTH,0.157076
0x7707A5bb1c82Eeff36Db47c84cd46d37cE6Ca7A5,ERC20,PYTH,0.157048
0x705c7909E5d4B833778cB95FEE849C7DFf1d0681,ERC20,PYTH,0.156605
0x2A27531AF775D19964E3A5c26869a9b468980AAd,ERC20,PYTH,0.15644
0x583C3EA145261F7510Df3f0Ec30e70d36aA63fe0,ERC20,PYTH,0.156129
0x42377B2b3426a1ac388294eEf88AF65B8CD8847b,ERC20,PYTH,0.156129
0x00D8d69A862C94B7Ec6F8DF1eF30599CF31D39f2,ERC20,PYTH,0.154497
0xb36a0671B3D49587236d7833B01E79798175875f,Forwarder_ERC20_0xE55843a90672f7d8218285e51EE8fF8E233F35d5,PYTH,0.15345
0xD9EEECc79A845eFeB11AE91AE00622d19FaB7aF0,ERC20,PYTH,0.153177
0xb65fC205B161DA5Af518507B8F18df74A55b2FA2,ERC20,PYTH,0.152986
0x1ADCf53349Ae6829ff7370707223C56b39821Bf9,ERC20,PYTH,0.151603
0x07586e2c9e94F58e5c96eC47dA7236a89272D01E,ERC20,PYTH,0.149393
0x7609250783E636240b1B8D6ce53614a18b101Be2,ERC20,PYTH,0.146914
0x3E874ADB5954d447E1C3850C61d7fE1eFb480a6f,ERC20,PYTH,0.145024
0x7D64e59464430BfF5cA2D2D4a9643Ca59e66BDa9,ERC20,PYTH,0.145006
0xC700bFA131c93585E0Ba666d1Cb4A75Fd9094f3d,ERC20,PYTH,0.144691
0x39B82377235eb189d07B5478835e7a2011b125d1,ERC20,PYTH,0.143394
0x99D305dfc38CEfA91cB1129387681eDe4c93e87D,ERC20,PYTH,0.142879
0x8E547006bA6f3305Ff0a32390bdAcB524115E936,ERC20,PYTH,0.142398
0x69389398e4D903b02010e20d308ee58EA8D6D714,ERC20,PYTH,0.142284
0x0585c0d0aEdF071a07992ad650bdc047Cef0c04F,ERC20,PYTH,0.139921
0xFBE6915fB22DFe6b42a7c50b43B45bF692681e5D,ERC20,PYTH,0.13913
0xD39a13C5dC777E05d98aFCAdf3Ad60984165b43B,ERC20,PYTH,0.137956
0x783239CdC45c1855bb0a9d863618F981e7fe77b7,ERC20,PYTH,0.136979
0x949aD06a4c904cd0B31AE2F56AaE0eC68C16CCAc,ERC20,PYTH,0.136874
0x9E73201903164d3B476505f3C54F86cdCD4010DF,ERC20,PYTH,0.135404
0x9fD9Bb687696f19038892989876Bd6dC96Abd769,ERC20,PYTH,0.133469
0x5bc926188E2cDB490c3b8d0aF24EF8316f4864Aa,ERC20,PYTH,0.132358
0x347Bb83E4ab465C8C6b7afaB3BEB373410A9Cae2,ERC20,PYTH,0.13146
0x33482803274C5e08661843636DceE8E9A68c7252,ERC20,PYTH,0.130204
0xDe455e9190b44b1D2a30150cFF6ab7cDE2f70C4a,ERC20,PYTH,0.129839
0xba785BAD4d78D4bCbb7E929A8C4692dD3c474659,ERC20,PYTH,0.129111
0x886cf30e5f7C6f69Ef1Be1173a53a6DD04E76966,ERC20,PYTH,0.127152
0x6B2a8D18C96EA46c558c5F9CAf415F6D03938755,ERC20,PYTH,0.124499
0xe84E9DE1BAFcfFd167Dc434Cd3F806e69762118A,ERC20,PYTH,0.123267
0x841122630feAD75986E5eBc3eFA0d2D912b34a17,ERC20,PYTH,0.123073
0xEcB8d5796aa5B0dF5F4C72472CA5D78e90952f0F,ERC20,PYTH,0.121469
0xc293Bb411caDaFb8badEc8Cfe91D56ACE3b408E3,ERC20,PYTH,0.118341
0x375d7292400b987656134aDEb115Dc0EC1Aa3f90,ERC20,PYTH,0.114118
0xff1B29B91c66eF274180eEa4319A49B7438dB427,ERC20,PYTH,0.112373
0x7b69771616A1f673E57F0FC6eD6053FC63B7607C,ERC20,PYTH,0.111611
0xa277035C5Ea0883C610372581f912bfcABaD1D1A,ERC20,PYTH,0.110729
0x4296f293528eDD013F8ae8b3fc5448524e898010,ERC20,PYTH,0.109651
0xd2546Dcb135051987A12cfc8eB76A146EADD8965,ERC20,PYTH,0.109639
0x6ABcf2e0F944cB5A151c563767B18656d1682fC8,ERC20,PYTH,0.107943
0xa2A3fD7ce8322aE5d3DebC37023fAe11cE900d5D,ERC20,PYTH,0.107502
0xC9e8E8DAF1Dd80140Cf1baccFCa0D9628be2a425,ERC20,PYTH,0.107396
0x20eA21B8C700c9186F4F910db0A39578F13156EA,ERC20,PYTH,0.106821
0x6e7DB89C3dBB78cC4C0552Cc155Abf78F9faaf23,ERC20,PYTH,0.106783
0x868677D8046d91996b4aAC0A40bC7de26176b1dB,ERC20,PYTH,0.10657
0xe900974c3F8b912E2C8515e9AcFE659378815b24,ERC20,PYTH,0.10551
0xDafb6754123eA1Bf37Bc8e23EE17D45196C8ECBd,ERC20,PYTH,0.105278
0x05f6875132b910976ee165171b78D7965e0fBF5C,ERC20,PYTH,0.101383
0x8d48b222A8bEf0f21B7b2518D2E1d2eC09ad0b8c,ERC20,PYTH,0.101128
0x1537C0EE8ed1Ed158145f898c2ddedacF2fc09B8,ERC20,PYTH,0.099462
0x38C6522D8904846a482ddd64994F45764A0D275c,ERC20,PYTH,0.098917
0x1C5916C35edb549eA94fb7B751baf78E63F7E64c,ERC20,PYTH,0.098109
0xD9A36a5b5aC639f208f4B5D5282CaB4bf438dc21,ERC20,PYTH,0.097992
0x1a176aDBe1f85E6c76dB86Bf328566c0C6032874,ERC20,PYTH,0.095328
0x62CC4EDfe738701297f06cE979dE18229b69B49A,ERC20,PYTH,0.095299
0xa42100a45b5945a3A5830F3f1C2E290ed16e0257,ERC20,PYTH,0.094662
0xB5341CAD27BC4d3AfF1447a293D5874602fd0d2d,ERC20,PYTH,0.094618
0x2984Bb4953cfCE2cEc957388BE686D6c38779234,ERC20,PYTH,0.094198
0x315A72071c9b27C7C06dEF61E1D1AA406ebD0Beb,ERC20,PYTH,0.093286
0x2aC5Fd39197220Fb6fcB750E24a9BF91376Bd5e6,ERC20,PYTH,0.092259
0xb764066C1fA29cdD472B3EDb8f79e62f49593d3b,ERC20,PYTH,0.0906
0x6EcDab45023d14d57C5D09e9f8A4a3782B0fd2fE,Forwarder_ERC20_0xE55843a90672f7d8218285e51EE8fF8E233F35d5,PYTH,0.089143
0x6810DBA12317406828D64B07D34aD22338644bB3,ERC20,PYTH,0.088117
0x3AafaBA1F0C3F1c53a43Dd647073c8fA050f8828,ERC20,PYTH,0.087274
0x55aAd92Db82a7Cd81eA3B35cA8Fbc85bED1f0152,ERC20,PYTH,0.08549
0xddC8965314fbeecDEe1B5791eD657E316c20DF58,ERC20,PYTH,0.084515
0x8d80366409C961459BB83F4c94A809087F750617,ERC20,PYTH,0.084499
0xc488B705640cFBBa5bb24C72e4B76B61fbD06288,ERC20,PYTH,0.081084
0x8d3cf8BB514fDC366183C39448824BF120736114,ERC20,PYTH,0.080645
0x585F211675395d3Db21556872e61757232BeC814,ERC20,PYTH,0.078058
0xbE2fd46639EAe548552aA79b1245D65718cB89d9,ERC20,PYTH,0.076267
0x00a97352C0512544a17F789f4B9e0a6822c17753,ERC20,PYTH,0.075123
0x43a516401f1cf90d6f43B8b5f6D04408aDEcA264,ERC20,PYTH,0.074778
0x09334F42d68430aF41985042794fb37EaB6C41A0,ERC20,PYTH,0.074462
0x48E0D2C4BE37C9D4e971597FBaB155B6db4736Af,ERC20,PYTH,0.073031
0x6a6124D46dBbaCEa44c36D20301FDAcEf479045F,ERC20,PYTH,0.072923
0xb7CFD3F1B79B445d6bE18f78d2eFa1195b4Ffe01,ERC20,PYTH,0.072877
0x5ea3cA8b27B5E69d92b46275225961F63279EA1A,ERC20,PYTH,0.071958
0x5eA25127cEdE96db866B2921581A5270e7b54C13,ERC20,PYTH,0.071754
0xd27412131896b2deFE03F66F4aFcE1e6d728D970,ERC20,PYTH,0.070675
0xDC4Ad39927D875311f7460515B9A1A1d790FF6Ab,ERC20,PYTH,0.070171
0x9BD2eC9F7204a074187e6708588B2275e878A754,ERC20,PYTH,0.069812
0xC1E84835E43d72d2de3C0f0026e264E5714E0443,ERC20,PYTH,0.069226
0x1CFaF69C935e66e94162545a2E66A33804C5a2Ea,ERC20,PYTH,0.069178
0xab02f5546A7D489269100e0E10B89F1cB615eF7D,ERC20,PYTH,0.068417
0x80aF73FEeF1b9D0f2EF230a548d752E7dC984646,Forwarder_ERC20_0xE55843a90672f7d8218285e51EE8fF8E233F35d5,PYTH,0.06648
0x1E02E9B0D74190c0e2F55eEB0FD61B00C35D9346,ERC20,PYTH,0.064783
0xA7D84057F829248062582A33b69acdB6e01c9a52,ERC20,PYTH,0.064579
0x87617E7FC22Fb233E3AB4106960AeF85911F73Ea,ERC20,PYTH,0.063601
0x224CCe1864eB675D0fA9C3625fb1a6F4a9771532,ERC20,PYTH,0.063306
0xC2217CB4a5Aa153a947A408C4e1CAf2F0AaaEadC,ERC20,PYTH,0.06264
0xD5A0eb9eC25ee60b3aAa4446CB80ABef3CDaA800,ERC20,PYTH,0.060275
0x3C1261a55d25DE041D24a5C8a83a6C3E71fC8B5d,ERC20,PYTH,0.058555
0xf92A7BBFDd13C8B91de6a3AA1593a555728C92dE,ERC20,PYTH,0.057863
0xf22ACEF7a82F850a8bE83f920FA3566238684CF1,ERC20,PYTH,0.054089
0x4846AEe6d7C9f176F3F329E01A014c2794E21B92,Forwarder_ERC20_0xE55843a90672f7d8218285e51EE8fF8E233F35d5,PYTH,0.052939
0x93676a2255FE06aCe13028C4955d0a37b4e6B4Ad,ERC20,PYTH,0.052538
0x6f5a8A35fb10EEcEF9128f407a0fe67B898556CF,Forwarder_ERC20_0xE55843a90672f7d8218285e51EE8fF8E233F35d5,PYTH,0.051582
0x26283F82D54C38b79FF613cD11B72dEA46e605b1,ERC20,PYTH,0.050789
0x88b04425526139f9B892921098E7678e854c115A,ERC20,PYTH,0.050754
0xfdEB0e0079ea19438b37D177fEbd2151c945BeC2,ERC20,PYTH,0.045862
0xDc42fBf765cbeE0A786E07A862E89a59F872ad29,ERC20,PYTH,0.045338
0x86c9DD7a8b06654E837C7C3E42c989e249f6CDFC,ERC20,PYTH,0.040536
0x81e3C9dED64CAF37ee5fFd643637E1a97CD64F5f,ERC20,PYTH,0.040423
0x7BE9f74E73f1d1aCe72d0e234202B9D079309DB3,ERC20,PYTH,0.040162
0x13988CEF5721a77e9A873b9c988559ABd698516A,ERC20,PYTH,0.040121
0xB94160Ad9D68dAf0bAC5bD2a2a58ec0fE1EE1310,ERC20,PYTH,0.040076
0x349dd186e591DfF4f06b2ACBA36e94d065dF414F,ERC20,PYTH,0.039417
0x77B141756C20a3ae3edbB81C978166dAeb21225E,ERC20,PYTH,0.036359
0xadF04Bd9c3821CbF92a4FBd7EAD161B85aF07Da6,ERC20,PYTH,0.03598
0x43F4427BDbf9BFccAf22929dCdD8749c1B347E3B,ERC20,PYTH,0.03586
0x55D646991a3D834Cc321f671ECB345F040DF1a58,ERC20,PYTH,0.035315
0xDA434793A5A52F7293a806A8F156e2429d500195,ERC20,PYTH,0.034584
0x23461e24F1D7601a674ab672ADEE0b4459302214,ERC20,PYTH,0.034117
0x036696a5b3Ce9B6cC16785Fa8D2d19bA2bf5908f,ERC20,PYTH,0.03391
0xF0562fB0bd203ba736e92A49581331B15836b95a,ERC20,PYTH,0.033878
0x4872A286645a3733Daff9aBC1D196Fd4704B5C9B,ERC20,PYTH,0.033803
0xa97E8Edf4CD35fBe740B74ED4A5dfb62977191f7,ERC20,PYTH,0.033155
0xbAB51e6e43Bf501184a8F7E84f23BAaB8C7F6f4c,ERC20,PYTH,0.032961
0x35A5cD1F50Fec2d6dDf57bd58c6790c995bE5B9E,ERC20,PYTH,0.032253
0x01CC7BA4F67e102e8f789C2859E091CFcA7Bde35,ERC20,PYTH,0.03211
0xCbD40742B4D2Aa672a4cBF32BE0044d861a5461A,ERC20,PYTH,0.031781
0x714408B699193f7da051729c2d277D6F07FB6287,ERC20,PYTH,0.031772
0xfF9A186c822EE4c873b37e2226f218C46302CcDb,ERC20,PYTH,0.031574
0xE8F49f7fED0B55A095291941C1eA2e4A8DF7C0Cf,ERC20,PYTH,0.031546
0xCe3497d151FBa315852D144ecBDd0bcF300C83D3,ERC20,PYTH,0.031108
0x211D4b4E95F9d891CD6E4ee74321B70d315Cd73d,ERC20,PYTH,0.031096
0xefd8A468981DA0C26a2436FCA2e11e52baBEe6a6,ERC20,PYTH,0.031093
0x3075416570E8867F2aF9d1A720A1C4310889fC71,ERC20,PYTH,0.030914
0x76dF1eb4185cb86682fFD90D20CF140146465737,ERC20,PYTH,0.030869
0x5023C10f7671d46a89A20b0c4Eb756a6f251cb68,ERC20,PYTH,0.030676
0xC4839C439A8646A64c7CE5A7Da008A5d0062D4BC,ERC20,PYTH,0.030586
0xA315aDB4a82CaeE3bD97A12B88d589069f14E204,ERC20,PYTH,0.029689
0x8d523080f470CC5668a395a9F954132413A6CC5b,ERC20,PYTH,0.028717
0x2f74585b257A908C9857480860F82C8127D05Be5,ERC20,PYTH,0.02614
0xCEF28ce7884Ae973990fb826C1986afaa9319B9A,ERC20,PYTH,0.02614
0x0E6998ACc5A20a5aa58e40EB0DD6C06f2D3206a0,ERC20,PYTH,0.024539
0x84Fb0edF4A4F271Ff2107035a3100B83E27D1Fe2,ERC20,PYTH,0.024482
0xfF3b6159232585173484a4B76cBc74d60E3d135C,ERC20,PYTH,0.023654
0x8BdaB88305784De6c51B36A3f350a25F1b7A153a,ERC20,PYTH,0.023231
0x5568d637aEfE29D939a724f64e0515B238353Bfb,ERC20,PYTH,0.022906
0x43C6f686359f26fCC6c53780E76634f4A3c341a3,ERC20,PYTH,0.022888
0xaB5B6fbf38942427d7E46B8232465c36d3Fb004A,ERC20,PYTH,0.021905
0xBBE4Bf2D53A4A752c0eF21573FA0162BddafCD12,ERC20,PYTH,0.021024
0x70c25bc57Ba1F582075893D50De804d407FE68ea,ERC20,PYTH,0.02029
0x122CDff41075bA816BeC3Eb9e8345Fd9F236293f,ERC20,PYTH,0.019654
0x5F2e274C5ca192743fCED7951258c4DDa0582C8f,ERC20,PYTH,0.01909
0x28Cd7B80c27B78708c605E82ec20d6cE679521fF,ERC20,PYTH,0.0186
0xECD9dbc240824A839F514f3d6F9ebF831480aea6,ERC20,PYTH,0.018349
0x9e6d662e030d0007cCACc265d430f7a53386Ee8a,ERC20,PYTH,0.018312
0x654F8d40fF1fD877eF3B91298c21414E7638e97F,ERC20,PYTH,0.01755
0x79Ea566f725E6B3Cee56bD592de9c13f16dc3509,ERC20,PYTH,0.017133
0xfd8835dF382B69b3cd498aBA0d745Fbf6a421D13,ERC20,PYTH,0.017132
0xB4a726F320b429730b2F1d2165C2cE06B9328085,ERC20,PYTH,0.017105
0x74AA8463874AEBB1AE29Be8F8ba1ADc322a9402D,ERC20,PYTH,0.016988
0x93Ea069784ba3580805ca976455201dfF1cDc53F,ERC20,PYTH,0.016985
0xC093EC5cd4f3EFf34f86c006B2879527dD591E9f,ERC20,PYTH,0.016985
0x8179c42DDb788E51128f2f6672B5466458291E05,ERC20,PYTH,0.016337
0x23631b12402FE1B2404fcCFAB01557269B0DF108,ERC20,PYTH,0.016252
0x2193Ed5E46874A48c04f3F7ADB9943FE42153541,ERC20,PYTH,0.015999
0x98111F574f4c427Bb800b7e82D4C75401d3d98b1,ERC20,PYTH,0.015836
0x638a344B840D46781245E3EeB5163992CC1F7026,ERC20,PYTH,0.015836
0x5352bAD0515Eb14C8b2d34B8Fe5c1170cD74a00C,ERC20,PYTH,0.015703
0xE564134f7e0a6F0a42cDFc26d8EA2769F5422a6A,ERC20,PYTH,0.015351
0x8F4f87c66d31D2596B07c706be5d5FA3184E9308,ERC20,PYTH,0.01513
0x53e35b97Bbba7ACE0556D7b94f8B80383e314630,ERC20,PYTH,0.014831
0x48124faEf010B3816A51a8508f70830FF7745459,ERC20,PYTH,0.014795
0xD1CDFC966D09CFda30042a12f87717209C2E11Ef,ERC20,PYTH,0.014756
0x93610D1EdA9dF4FC66dbd681be371C2475ba7F8f,ERC20,PYTH,0.01286
0x5bEED0516Cbf1857183c9Fe25179Eb3B3c2FdF43,ERC20,PYTH,0.012721
0x030395e15777C721e9737009FA12EC0166586Fb5,ERC20,PYTH,0.01258
0x39defF3Bab3452cB704913B3907881F04f74Ce19,ERC20,PYTH,0.012357
0xc4Ac4a3dba40934C329Af9e7157007Bc043422c5,ERC20,PYTH,0.012239
0xf7120a8c9ef8437dFA0B6FA0988e35b6B5cF401D,ERC20,PYTH,0.011357
0xA61175Cc5d701E8e43b00D40949Cc74a696D8f1C,ERC20,PYTH,0.010717
0x34044D9B715E58Bea31CC3E7489744C0A02c1f9A,ERC20,PYTH,0.010053
0xad648110ad723bACCcF3a971F0133e79321bF383,ERC20,PYTH,0.009999
0xF315fA648e87D892dA7bd7fFb94508feD1844Bfb,ERC20,PYTH,0.009476
0xbAFA0473D874776a59C2542556C2022035EAF3BA,ERC20,PYTH,0.009469
0x106Aaa307d8E990b13c5809E254e4b0E662f7dFD,ERC20,PYTH,0.00934
0x94E70b76Ea709E33f2f41b35Be0f2F1D94cE799a,ERC20,PYTH,0.009248
0x58632026945fbf87fD91b133fCeBF9a91f3353Db,ERC20,PYTH,0.00884
0x7450fB048BD81D69C27676B93129F611af948c28,ERC20,PYTH,0.008683
0xFA3CE4b82cC4dd303104b5c43eEcF72871d31632,ERC20,PYTH,0.008313
0x8b309a223c80b8168FDD27d00ce55a6159Dc3079,ERC20,PYTH,0.008294
0x13EccC7EC8EF9C1A968136DD2d93b0Ad4126AA70,ERC20,PYTH,0.008236
0x71784A8B738a340C433c48ccE913c1f633869830,ERC20,PYTH,0.007944
0x8864a9372B7105f4AA1B8FE89840Caff02373f50,ERC20,PYTH,0.007319
0x64Ac284155Aa1278eA12b51c436e6fF3744Cc46C,ERC20,PYTH,0.006786
0x7D4f13a35832825a695045E4cE0a7A0ECEE0d782,ERC20,PYTH,0.006743
0xF7e8cAeFa7A22999AA7a2DFe7bE570DbB341afB1,ERC20,PYTH,0.006547
0xbBF51f342088e76a83f26BF56eEeAe3b42C0E030,ERC20,PYTH,0.006173
0xf22e8F326b79A74f23532aD0E660AC35a8f5e849,ERC20,PYTH,0.006173
0xC5AD21B2CC0EC7ED117831f963A281fe7685287c,ERC20,PYTH,0.006173
0xDc08260b328a2e61DD24C51eFAF1487D0588e964,ERC20,PYTH,0.006173
0x2A1567732BE8A3d0e5E1F9d476AEC62b4220667b,ERC20,PYTH,0.006173
0xcd64D46653c4Da18de4D36F20958Fe70BE419cb3,ERC20,PYTH,0.006173
0x0C7366AF4e462C190Dd2bE0AD5e4c72D3cc40160,ERC20,PYTH,0.006173
0xe5d3E3Bbe6e146A570464A7009e885DD6a7Fe9b1,ERC20,PYTH,0.006173
0x3a0A7FC39058A2471dF421895aa1b79D537526a7,ERC20,PYTH,0.006173
0x274D63f40e22f8b3940d9603F633dFEaE183668A,ERC20,PYTH,0.006173
0x5Da60a23F8a4C9eB80989331becFF58A51F4EC73,ERC20,PYTH,0.006173
0xd1c805676244085838262806fFb92b21421e5B8d,ERC20,PYTH,0.006173
0x68DE6CF11788Fb6009946a46306F74995cFe7540,ERC20,PYTH,0.006173
0x2b825310fb53bEcc7403f1e80AF84C47c9910c46,ERC20,PYTH,0.006173
0x2E5fedB3B750b51506753bf1171CD3CAAeAB42B1,ERC20,PYTH,0.006173
0x1451992F7df4d1819928e87e4f8819D4aC7060CB,ERC20,PYTH,0.006173
0x167e60558162C8fD4e5db25c5dC6C46737b131B2,ERC20,PYTH,0.006173
0x1c5eF5C3E4A6D6f368B8008FAeDBE8c078553097,ERC20,PYTH,0.006173
0xdaC9cfe34419faFb96bEf1A684ab8E2b62F4Ad33,ERC20,PYTH,0.006173
0xBE2800C4DeaD2c7C361Ec51BA6D6a384afEFE224,ERC20,PYTH,0.005794
0x729063fc5aA88a9aD2869737df3Bb345B9Fff136,ERC20,PYTH,0.004976
0xD8c9BAdd1E3C0430999d9b81CcD03ED742Dce9Fd,ERC20,PYTH,0.0045
0x7e21749ab7fc3bC1A77fA5814cDFB651CA9E241c,ERC20,PYTH,0.00419
0xC578f24d421Ca85c1243d4E6038eBfAe818B8644,ERC20,PYTH,0.003662
0x8f616beBF58dE8861289627fd5576989d6D729f0,ERC20,PYTH,0.003662
0x13224F6760C29f4Da18ee3Fc5436e64010f0c1b0,ERC20,PYTH,0.003653
0x1E49515F9233E5C5865453F0DFF9D346dcC3b261,ERC20,PYTH,0.003421
0xb802330248a2e60E05B3df0C948862B208AD4f14,ERC20,PYTH,0.003288
0x8C4AEf6C3983FBEED0F635F03533bC3C18b0B4bD,ERC20,PYTH,0.00322
0xC6326e5d3C128C38595134021A30af0C15916285,ERC20,PYTH,0.00322
0xB282a0F1473B6698b6a382AE1e072A8Cb6476e58,ERC20,PYTH,0.003166
0xA4c33c26B3C11CfD45B891aB1182FDc3c934DF67,ERC20,PYTH,0.003154
0x2a9356aCD8aB4e7aBE20b7e59F7119eD776E871d,ERC20,PYTH,0.003132
0x8efF57C5dCe6FFDD18BDcc12163628510431811d,ERC20,PYTH,0.003132
0x924eD01Eb95C31cf213f910A11a08238f2505EF1,ERC20,PYTH,0.003109
0x2306a976025bB4479c5bF964B86A5B5D23bA7B30,ERC20,PYTH,0.002633
0x2e97778b97DB81b62eb64103813E019F353537cD,ERC20,PYTH,0.002417
0x98801b4e58A415000C301740a8CB91C650C66B3A,ERC20,PYTH,0.002396
0xB2739B8eAd8c553062104c8D5264c5141981392e,ERC20,PYTH,0.001799
0x03d607c31e14fb2ebbe65C7D7C38899dFF81c2ca,ERC20,PYTH,0.000452
0xF363b614Cd6536F2191AC6BF3BBdFC4030Ed94da,ERC20,PYTH,0.000446
0x45d0A04E822Bf91e9bb9d84d6F6C96146909B1E6,ERC20,PYTH,0.000429
