0x854db5c41419a42967de4ec6a47c011b28b227eb,
0x5A6751623861A8b6DbBbcc445638caba55aDd302,
0xef6103de90208F3dfAce661EadB120Cf8075f9D2,
0xC39C6b16b0e614349c4ccc1c5434C78db1b10238,
0xd666a8547dff535a2b4e27f2f7f6760374df2dd6,
0xC870657081762Da0C0D3a4aD5a3cFE2b9a301c62,
0x4D35c6f6469D7178C5E3B0626BA3e3C09023B2a5,
0x7c4eef71Fb17F50D2d8E17bC465B247584431b76,
0xa012b32d3568cc93713a5e63df7a772af034af9a,
0xe60f3879c88da4aded2baa1f29a92b2ad86e19e8,
0x8100890bB05fb5a615D6a8886656eCF254A98B91,
0xfB3ced44B94c012Cd52f783E2b37Ca9f3a994b0a,
0xf3443b7c845BD37BEF3ed5Dbbd3F55686EDe1770,
0xB6bd1b9b3e6e3512BB354789289f6d8FBc0F65BC,
0xDA0623E2Acb0b83375f452f9EC168E75f0CA6f6f,
0x9D86CE4eA939Ba71BB97383B85aFd12D3b3bBcaf,
0x5eCD8224c8B40a0dF781719c9fEFFdcc6677E521,
0xf4c40F7B773d91E2ACbC8FD559CbdC6F3BDD05eb,
0xa09034B509d37d690E6b8952C2E6830565Ae9C3e,
0x8a13eD93ea59f1230e3f59D751aD94fC263f6Cb8,
0x04249c7bf9EBAA94772Bdf3Ba029C3Bd94E99d9A,
0x5E4038eb6F1e7316a45ed569E94c8cd1706a5eC5,
0x14e38E92A8f3f39Ae41C519c4F124163BB53E18d,
0xe934E27F42D8422Ca865fA59046F4E7EcCb628F4,
0xdcd04A5fc4b168DBB0E4432cBF9d8799BB4a0521,
0x962ba8f1e56784ff1c29e8020635f0eB83003196,
0xE591AB1fBD18Fe895Bd654b77BaA296979C9F607,
0x2e3b5bbaadbfc22e56a19980e153ad43abfd13a7,
0x6C304185860AcadF4A5D7DD298Ae929CFFAA025c,
0xf0d70e5b82f82Bf0191cf55c6136227164B4B0e1,
0x8e7003A8cC5741A3a732966dc06B3Ea779EBea35,
0x253041426984888e28cC241C28DBa55948078F0A,
0xe52DA775afFBE83acC6814dbE4A18c8A58161aad,
0xc2c0cb4a4fa01fa971e514d2adb4fa66fd55901f,
0x6566C8bef6eB73a29D77CAc64ED39aa7BF534302,
0xb71419f0963766EE531A8e5ECa837CA2d4D7322a,
0xca4f8b57Bd0d91C629CB2C6A0d69dC7755cb16A4,
0xaAD2F30f41Dfb6442d0E17A2868c671BFA77FD4D,
0x021347565515e576Ef931E404d628DA613d785b9,
0xfFD2Ff35147e6B1069664A983Ec4B6Fa154F8CfD,
0x8eBBf4D9Ed8dd029c95Ee9F06AD00240F535B58e,
0x97E3E4F28c8f70C42082199d7bA73E3467Ed17D3,
0x8b145B7d2fF087830faF6c638469fa30C02EF021,
0x70b8594CbAa99F3E431ff8CeBB3c8E62881AB1Df,
0x06Bc23a20a4167B8832B6bE42658069bF715CFA7,
0x28bd532302cdb567360c0a4715477a9e08e288c2,
0xC3a3d3eEc6305C37C88A25064db93e54D2333d99,
0xdd0206010ca82ff22303b58863b3a6f3006c86c4,
0x56a4fE0CF87E84F8B851F7D56d342eDE0090737D,
0xD8BC40F54B123271B743F466d21e319B2a33b811,
0x0d49311b84c6FcD4dc01d78B0fa2B74b30271Eac,
0x3A99C7A4bb39e61B02D8915B900582459a1054A5,
0x843a2b0640cad7fb5875F54339c60DcE186099E7,
0xe3a8cb8910130d54048A76F75880BB35DC57212a,
0xF895e5d8010af378700C896276BEbC5753d2B2a4,
0x32BA2DBFd78F4a8c3c25981146Cd101D1c031851,
0x3665A9b5413667177739823B07Dd0e4689d9893B,
0x8c6503fdf0cdc4862b838ac54babd76887b4cecd,
0x0bC8c57B530Ad7Ee908249aB8194C0668a8290be,
0xb8D0538d5b6ffeBFAe6D77Be0a6a6C040433ACE8,
0x0418808Db1D729D039B181581a3edd33B453B75A,
0xabadb8476ca4f5c9ec081f23a8a08a4d986a1d3b,
0x189988e813789e295227fa0f48C7CBcA068Cc87d,
0xA30829539e51B48dEd9Afe5558642e907d90413D,
0x843c04Fe6A1ff05618a832CBbEa8c10Df6AeD49b,
0x79c4580555D7158e3Ec648b8a7aA6A8eA098aC99,
0x18dAA824fF3eC6709Ca7b98e98C4Ac36F997957e,
0x338f800bAe996aDD10E1A9f4C58e80D53f40d84D,
0x9478e7D178bC8D3Db7fcC7e09568d7b21d3df972,
0xaE9f53F1eA95BD8145B166bcA8918482ed459E7E,
0x59E95Cef5dC6Dd5e152a5bECC36c5d2683075A3e,
0x5489205370E2c1e0444Bd8910dE72bb6d53EC261,
0x19D04b81ba47e2eb854990e3D5D1C1C2CBc0B3DB,
0xF7D37cB2595F44AeFcf02B502691bc20f260cD77,
0x0e54736D61c578cB254ef74D6598eCe99FaF8796,
0xB8EAF7B39d8bf17eaa5E590e342677E255Fe6b9e,
0xb6888B2f78939aF6515D82A654C0e9a8763b8722,
0x233a352e870Cafe80699A0ABdb2A08f781E7bcc1,
0x33a4ECC65d081Af1043bbee0e57d8eAC154c8f4F,
0x9e4E7dC92aB71b025d101E27F6a8911f74AF5De7,
0x75E195F1F4c77138846490321F554AEB42DF07f8,
0x914b1959c2D1270910F31ff7A89B8FaCD6296311,
0x3f70C85Fe0CCa5f3De6bD85d4B6Eb5789adfC48A,
0xB821AcbC5FA6e0a81416ff5056A3591304ed10Bd,
0x47488ada4d20a74bfd576a0d21a6c00896a0d6da,
0xf21ae414c02E02321258A31fa41CFf6A7DC1C36F,
0xC53c8cA3DE8524d65A273aB764874f95666e201C,
0xB1e874fb8E516fF5EbAc9D07215C242eEAcB89d1,
0x55f80652678D26246280407eD0989ee6a7Ad714E,
0x653C056A22A724d999c0F890E6102cC4c9d4B74C,
0xd74de0C9eA59307ca8f1BEFFFB6f941947E93Be3,
0x13DC53A61B5933FE5DC2A05fde2F9247561BB530,
0x1d5DC3936999058408C47aD8aAA6698648C20AFf,
0x2bd932F00bB114356741d71540428351baed8277,
0x98e02768689d9fc5b8683aEC190339D5b6A3AED0,
0x5ccF27774Cd946591ADc73456456Cf7d81D1333f,
0xCe9DdD7d362B8aBCab50524CbDe815d437f494C6,
0xcf2416eca055948107a1A3374340321C70b8B5Fd,
0x7391743E15Afae6F25dD1d464EFeBBff9dA80f53,
0xE2f20d25753DC6F3D53dF8a395703a0f01DDC41B,
0xdddb79b3Cf8DE1729fE458c310954ba32a228f42,
0x4bd6ee072d80f36829d0114b3c4a8edc8cd9f2e7,
0x57A183a92f5eBeF6fFd933bF451DA5882f4288cf,
0x98e02768689d9fc5b8683aEC190339D5b6A3AED0,
0x87c5cEd248560391411d07544f9f451C44DD6211,
0x98e02768689d9fc5b8683aEC190339D5b6A3AED0,
0x4510F7E683D1Df7dB5BF2a01aEA6f84757a2F0CC,
0xb342CDdcDc7382a25B0A6eA08f82345D596F8Ac8,
0xD1fC993D34318251f4d7517eAC987eA4B49d0B25,
0xe64bFad0455c69d5A725708F756c0448c6F7CD70,
0x7A23bF92A40645b558Fe03a72995Cc77146cf435,
0x88EC877375b26226A640D9A5c83443f0534C4F3e,
0x58141Ce26D4554F009C659A50D444242d591994e,
0xF6DD5c79f9a0Ef0fc3227c8637845941ba5f4a31,
0x34d1B942f5469Bb9a68F8120075A41787a0dc4Db,
0x9e7c1a53A23Aaf2F55B802F44a317F229576334b,
0xbAEC222C057c4511F73b72D64bdFF46dDbc0D99B,
0x1f14082E21bF00efae9bB791199cbfeF151B7bd8,
0xe04dC7181B47ADE86391B11cDC71eE2D78F7F5EA,
0xD2044921083978b265e7e19c1D1FBda82936FFFd,
0xAA23B3396a418Fa6f7B3702997e4183AF1632d8D,
0x719028736f10164c838Ef129936779eD739312f2,
0x1f14082E21bF00efae9bB791199cbfeF151B7bd8,
0xC9F0cf45117A630e0874DF221F93eF767d3bD1f7,
0x19f1C9e91344DE35A3CcEc6BdF8c0680Dd17B6Dc,
0x5F13Fd6aDF4b8886D5CF7D629DD01dA4ea1AA875,
0x1A4A28B33aba69C4D8B19ee730528D326332E8f9,
0x43B298b18850EC33e4A0C392fa53E5192Ccd935C,
0xdFBe3EE12d3A85F1E788069c1Eb99b53169B89b8,
0x03F635B0cdD73dC34f5AE5C67Eed8a7494079133,
0x2845C81cD19E784edeb30307fE031135abBe3ae1,
0xFeC7e6A5fFe699BB3cb2B9FB964808Cc92046Bc4,
0x202F7363aF957890cD63C6Bd18C9b37B59974948,
0xF4b40B20572D117EAD7b5ca3C7eFf7d3CBdC4067,
0x1079076eEbE4F088343d075DeeFfCB33B3246b82,
0xe0F0eB137A85DeE407484dA9632B75eFA5f7FF77,
0x2BFa1F927F366211450dC5322696CeBc47671ACA,
0x05321c12Bb9a63AF903bC9bA7F2822278a377aB1,
0x9bCdd3D054e0DD0da35006dB3ceb7C3Db84c1413,
0xEd07664C1943Ba7A1141543297F8dC26A476768c,
0x0E61A5a012BbAD9C41194A747a3Ec203253cbCD4,
0x45a30d38c060133dd53413b1e190d839797b1d8b,
0x98e02768689d9fc5b8683aEC190339D5b6A3AED0,
0x734D3Bc286cc16f2E17acBbbab56367f2d585ef7,
0x3Ab737566D0A0ADa4aea30c15Dc2B31F58C70521,
0x3e2e10c371Fd09FB756fEd8797CBC7524F2fA3c7,
0x00739ecC47B6919b2b796194B681291Bff68B539,
0x4E2C514F19E89d9859D4Fa7DCf5b01C48E272BB5,
0x6F32AA5A6198329c16e438512F992a0548C856f9,
0x0daa39CA30172e7F5bc09FA8B322353404F3cCA2,
0x6413DF66A5c0D6378B7F736FDfAf95E52AF15297,
0xE13a3ec03a41d19F79CF216f3E3e0cDaae6412e9,
0x55Ab0A4C07cb1b9cbAc58386BD6adF97E6918B5f,
0xa94a546460Ce634de5aE4F19df8De501a7026a1B,
0x595095aCbc628473AD817e58A3A79ae861F8848f,
0x56D20dde670221cA5F2E416Ec7f96755d26B7625,
0x6475C3D676163526e79B8C55C29425b79FbFf11e,
0x5B1EbCFC3B93778245727c69D46f80F1a82aF849,
0x1Bf2BB6baBeA16A5bF4ecfa058844b81CecaE7b1,
0x1b970872A0200bC51508b446015f659f844F96Bf,
0xF4Cc7f382FFcB7002D25508E46FEb8Df375B94DD,
0x62050A8fF39250A6B6E35938A2537524FCaACD58,
0x0e60173a62C715B90Ea39Ec5Af6F66eF7166679F,
0x01082fE0EfF957B4BC9Ca8CAbA1b25882abea724,
0x527Bd5bC53e4838e334598EA9F681ef1EF5D6c89,
0x49E2ae75FD0d8D4281D65587424803DA73B40924,
0x86Fd2E0f098BB09CD4D58B8B785Ce2875210C102,
0x3E1eeC68F5b51938976a8e64dB5734cB936AB392,
0x6c60921E4c49886702d9f8b62596F18e1B3Cf652