0xc0b4b66E8F0aDB5f6dd9E2a3da4b0CC481b7E158,
0x820114e8ddb455087b562468f69e7b243022baec,
0x0000006d14ce3cf81449c3ba1f26108df0a4de8b,
0x8A4D4a1f50D5927c37cE702497B1927cEe6ECB08,
0x472a87D6ed5F8F339d1b3b2aA1A54701215f149F,
0x06B8BcE701C0835709BC10B1E382F0AdbD759DA2,
0x30e25eaA01f60ACF52470ccfc57cAD3e245b43c9,
0x29bdb1b1d9c6ef658724ac9f4d8c1a7645f5787b,
0x481408B17c0837a19E530041FefC90593b307D14,
0xBA441A27eD153B695F82552e75D610ab335349E5,
0x0daa39CA30172e7F5bc09FA8B322353404F3cCA2,
0x38450324dc7ef00a242486e66b0b4e3cd4d43c27,
0xEde091fe69da69e38A3e4e1DE29D47ceEDD4F0fB,
0x30e25eaA01f60ACF52470ccfc57cAD3e245b43c9,
0xc0b4b66E8F0aDB5f6dd9E2a3da4b0CC481b7E158,
0x820114e8ddb455087b562468f69e7b243022baec,
0x0000006d14ce3cf81449c3ba1f26108df0a4de8b,
0x8A4D4a1f50D5927c37cE702497B1927cEe6ECB08,
0x472a87D6ed5F8F339d1b3b2aA1A54701215f149F,
0x06B8BcE701C0835709BC10B1E382F0AdbD759DA2,
0x30e25eaA01f60ACF52470ccfc57cAD3e245b43c9,
0x29bdb1b1d9c6ef658724ac9f4d8c1a7645f5787b,
0x481408B17c0837a19E530041FefC90593b307D14,
0xBA441A27eD153B695F82552e75D610ab335349E5,
0x0daa39CA30172e7F5bc09FA8B322353404F3cCA2,
0x38450324dc7ef00a242486e66b0b4e3cd4d43c27,
0xEde091fe69da69e38A3e4e1DE29D47ceEDD4F0fB,
0x30e25eaA01f60ACF52470ccfc57cAD3e245b43c9,
0x0cfdaa81c8931b85f6badc5a8f1a35518c916e0c,
0x0290e9ce53972b7a9cc59ccc11224dfb16612271,
0x1c1637B3b6d06Fe5009834e1a5773D5804Ea39Be