0x326652cd2d325a5b5ae80be9b5831a4486251da4,120
0xc92a0a71122054f83c8fbdade123385aa259c779,112
0x18ec63d88ab28743a7bae47a5b03baea278c48d2,67
0x557068a9b7d66f97a61b97c80541eb17672e1e6f,47
0xa92be7f728ef585851212b1ceb318b8a2fbacc96,44
0x10adbc1cd06f64162caf639b838fe66d0db04869,44
0x0c3d030ee625b3135fdc9c1ce0598b51c37262ee,25
0x8d138c01765483cb79d787ce5933f609cbfdabcf,24
0x81714b9d10d642f70b9b199c06054488101416ad,22
0x24f700bba64905c97dd9f1cac3daca8ba81f0285,22
0x786a4eb282a6332871e4bad890ce5960f1d12813,20
0x8875a6b3e85febf1f4773cca059a8c0c6dda6485,20
0x9895416ff4f860ccd206550dfd90d5757c706b5b,20
0x99bc02c239025e431d5741cc1dba8ce77fc51ce3,19
0x42ccf4f456d7c7febf274242caccd74aaa0a53d7,17
0x0cec743b8ce4ef8802cac0e5df18a180ed8402a7,17
0xc7c022bd85529bed1b92de4ba847f3f4e8fd5cbf,17
0xade27de7fc771db43e8761266c48018024b5e2d4,16
0x2d407ddb06311396fe14d4b49da5f0471447d45c,15
0xe882317349cbbfb3d2734935c0eb10a25517ab1f,15
0x2b47c57a4c9fc1649b43500f4c0cda6cf29be278,15
0x4ab5e3f0b2d1604dd2002cfeca6163802d74c6cb,14
0xac6dcb5e686f7e3f1f9006b896ff9e4b37436530,14
0x8989859156070a1bc64f8833dbbc19dc1bd1a2b8,12
0xebedc29cb0720c742c30d7d727c8faf1bef23974,12
0x0cffcea7104b2242534a0b280c662acb1de69adf,12
0xbeabba5d6fd4bfe3767fd12803c7818250ac7bb7,12
0x5c19f72f40a5c0e243553701aac6825a4cb38d2c,12
0x48f2bd7513da5bb9f7bfd54ea37c41650fd5f3a3,12
0x78e6d24003c254887e34da9652c07daf25687775,12
0x84641137bac4db68de94ec3d2ed89ace0aa88f20,12
0x729fc2d1ed7b062a3f6723c2565932fb4498a77d,11
0x75832887ea97c03e4fa547bc825c278d7627a1c5,11
0xb9b8ef61b7851276b0239757a039d54a23804cbb,11
0x4a7489a3e94efc8f4c4ee266ed297d3031f123a7,10
0x64a35770c035cde4163c3535d6fa5485b1c5b140,10
0x5f6dd98a74761939a55383ebf679e0617f7878fa,10
0x964b25d3ff75e9566063462262b2898d4d1b3aa4,10
0x166ed9f7a56053c7c4e77cb0c91a9e46bbc5e8b0,10
0x66e540e8c04cabca90133f64149a0c4347eb3881,9
0xf10d8da9697b89347c4585b008525f4d49567d22,8
0x7bfaf4c59aa4f011672b8e77789e1eb41abd654d,8
0x6c7496cf61b2b7c7b364a4d2c39ea6aa36dfca4b,8
0x27af2f76c801c50d6a3572dc74df89f5fe54fb62,8
0x04ec77f9dba488677e34a470c50cdb3c0e0d1152,8
0x74dc3d7e4a813e5d5f399de94c6772b849656f4c,8
0xb941f9b7566e7108332a9ec187d222a1cc05e422,8
0xfd8bc88749375c12fa0b36fc564b5cc797032306,7
0x3eb0c38dcfaf92889cb81b124114b6e3a195bb96,7
0x4975c0829deea96ddef21bb5479799b7b2ee62ed,7
0xd0d56d9b522677605af6ae771203d3216916304d,7
0xb2797aee79968e6d26df153ef815edd7ddbd6190,7
0xcffe08bdf20918007f8ab268c32f8756494fc8d8,7
0x83d7699518cf8c97a3c17589de145d819fa41a3d,6
0x030850ec149221bce137c018c2c3259e7040704e,6
0x81f9b40dee106a4c5822aed7641d5c1e2b40f922,6
0xaadb7cc8587ca5ae3e5c98b9e78f6024953c0bd0,6
0xa291df781bf0995b401432646dc7b1ff4d2b1c15,6
0x1c41d8667e815451c6efc242367cd15f0a4564dd,6
0x32c8d674e5012e2c2f1fcd82ec650635d137c5c6,6
0x086132af06003626b03b850bead54f5ca68543b0,6
0x00535aef587078ee9dd0f791ef9ef673f296efec,6
0xd48ce884d1f01647ea7d1b1ed50cad474b39638c,6
0xa5aa7454ab373a8d1287a232f3cee46149fbde0e,6
0xc6749c94694d3401ec716a287d10ba13f87a57d0,6
0x675433022c20b799558f3ade3a2133631f7252d7,5
0x454c8cb20881a1b624266b1dfc995e331fc2fcce,5
0xca34374e872c677939efe7c0ce44a82a26022dec,5
0xe7bab002a39f9672a1bd0e949d3128eebd883575,5
0xfcfa6885830f508f6efb78bdfad1e299cb56d022,5
0xe83ef0518c0838c30ef663089a9efb627ab451ff,5
0x5a750962755e0f7d6dfbd3fb343aaf24232eda2d,5
0x75d4bdbf6593ed463e9625694272a0ff9a6d346f,5
0x0fcd78e98e68c89744fa06f11011491074b166bd,5
0x3abc47b2eaf118974be6dbfa35b4e6971415331d,5
0x2b26da567c2a8c220daf91be8e37a429d33aef0b,5
0x6977e753e022f65ebeb170d8267b2ea54a431523,5
0x084aee7a5e39595bcceb34e12451b1f13826af9b,5
0xa84944735b66e957fe385567dcc85975022fe68a,5
0x85670c918fd6a80bdc92202c59d20b6e0c01c7e9,5
0xffc02940b6f297bb3aaca6d790f65c1d28e891f7,5
0x13816f65ba8195768e6825eb774fd3c6a05a0ac8,4
0x4b5ba19d44715f747f10f17fba8210e166e2fbb7,4
0x3e567f772119f9db7091d3b2fbbc019cb2244369,4
0x8f61ae0f558ae15567eed4fc678270af83f58e7a,4
0x0ddcb606e82e031e9eac01afb7fb2d54e64c2855,4
0x143d168e02522dd9f3f9678df4de73b557ad0b40,4
0xd1914137f45f690d6a9531b84344bc1952ae0f66,4
0x5db2d2a055466e0c5d4cf09869cf2e2cfc47b157,4
0xb9e344df89caddb0ed19128d16130ff943f32ba3,4
0xf3d476566bcc8e882a3910f1471428522449d89e,4
0x3939d22af089bdfbb96322744234f69db1ab52f8,4
0x60e8b62c7da32ff62fcd4ab934b75d2d28fe7501,4
0xce2dc79fd4b71279ccf3cd07dae4ad1ce3729898,4
0xd955a9e5d65e1cc768e6317c217add952efd7915,4
0x92faa70ff3d3d651bfe024c52d94079728f8f50b,4
0xa9ee9a1a42539de87438f9d14cdabcf32a46700b,4
0xba8e939c3e701d2ca8358a15677dbc6d15520703,4
0x0ddf1db7d4e4ea20510682722f93e639bac6c036,4
0x94df3873cdb0347028464204f7275049d0bbac22,4
0x18da9085a18329297cfa466f20d998d1162a628e,4
0xfe1ab8eaa5e40c723706c62ff212607d256403e5,4
0x083fc10ce7e97cafbae0fe332a9c4384c5f54e45,4
0x17410e536eccd44b63147acc4c22984dda7682de,4
0x6ff60e1cf749ae639fbe124ddbc2178c4c988203,4
0x5d4377c603d5b677d797cb025e777e9b6b106ef0,4
0xed5847639328edd38e7ce934442ff4ee8e714f7c,4
0x1ac5d648599b9767b1a1bd13eb8bf082b4c157c2,4
0x0eb21ed8543789c79bed81d85b13ea31e7ac805b,3
0x896b94f4f27f12369698c302e2049cae86936bbb,3
0x0499491b005243073c3f0ee8873885ce2a2b2206,3
0x6a8b11e0c5b4b1f3dc559359cfc1fa0ef7ecb6ea,3
0x7463602b41a5e33c87875f7bea24c7ea2ffa064a,3
0x94c840ff0db97bcbd4058abed14ba3721831b622,3
0xb7d49adb031d6dbdf3e8e28f21c6dd3b6f231cd5,3
0xd0b28a4aa62ede2ad2a58289e71c82e9c78a2663,3
0x2ea92c2d57e5c3594c93bc999c03bb04210136bd,3
0xbd2c1b24fb52d272c339e2a01496cc79eeb46726,3
0x7fbbab92ae6721419f8c280ed763c71c58280ebb,3
0xb44edccdcda9a9d8f16b21c8eddac6fa0309565e,3
0xed61fa464ae764c2d924f6da099c7042814b9845,3
0x4ec89ba6558ef10b3435246de77aa3bf8f2ba745,3
0xf69ea6646cf682262e84cd7c67133eac59cef07b,3
0xbd4eb0295468c80725017f74113f5aebbd6e8d12,3
0x9b462ba0e375ba9b7980ef98a8f2021aa7a35ea2,3
0xf7463e7335033586683ac1f3df3080a0b38babe9,3
0xed860e2a761d8b0c83b1c0a1c4b7d5fc1af97d5c,3
0x83e81d747529f0eb6145b149c438ab7f9bbd651c,3
0xc3f17178311899b068d0e2c86253e087dab5ba8f,3
0x395f36ebde1d7549eb7f0c1dd70c864b753e9f79,3
0x81e076535885d2bbb2a691e49ff654c430656051,3
0xee7840dac7c3ec2ccde49517fd3952e349997ab5,3
0x9490113b0ba1e014fefb68ef688359f58883d965,3
0xc31db2e710192791b65de43d4b84886a6d770322,3
0x454e61c0d74024a26f94fae080f6a234db8b8b39,3
0x6e6034545892b8d514b8e7859413333fad43a0a8,3
0x5fa8fa0d0f3d45c997e5d31441f56a4f2881085d,3
0xc3fcc7b66636f7e3cf36946bac4feb2ee3492846,3
0x5bfcd9fe67a606a6b6756db3db647ea166e91aa0,3
0x9b4da8243fced2f6b0ea59c098ccc6724f309ea0,3
0x4d7a19fa20b81e1d703de390e11825d63fdf02e5,3
0x91646c2c2ff05c4e9822740b0ad9d8b3da51382b,3
0x5abed1844d09dd6422d0a2446045ee230fb97506,3
0x05066e4954d95529c45548fcd0d77fc213867c86,3
0xf65c0432c4f740ef60a327714059f2d3dfbdb2b9,3
0x3e661a9e834a2a8b7b41764abff273b84af37040,3
0xb0b2b405c9d09d129e9f9b18c9dd218c532f2b2a,3
0x9da423a15a87e145d9daef73f30a710cb4106bd2,3
0x87616fa850c87a78f307878f32d808dad8f4d401,3
0x81aa6141923ea42fcaa763d9857418224d9b025a,3
0x5614137ea33147428f5df217a16e9e3e5c6bec32,3
0x1e7127c81c8a58661a0811f026b6be66533934be,3
0x4e885ca3571919ee52fc8ff563fa66a74bb9f334,3
0x11980e4fbe1a84c81581d9beb62cb6ec65ce750b,3
0x2e7296ebc57fcf7c0b112d2a46062017be2b1792,3
0x3fa91adfa4397688118b2d7de72a4744e2beddc4,3
0x327aaa04d1cd5652a4819ab365d15837aef333b2,3
0xff301f3b4a51a1948ae021c77379d5dd56f1377d,3
0x5616d6c3dfebdb6635dbcfb8230a7efbd2e83e4a,3
0x6cd68e8f04490cd1a5a21cc97cc8bc15b47dc9eb,3
0x61e0822b7077a55148952f2ec43f0effbb623a3e,3
0x88cd459f0cca96f4c1c6cd26e1c77b76c23b77c1,3
0x4bce1d711ea4e033ad5e7d48d2f63fb24fe4b5e3,3
0x53e8f0dbdff96443c97d7dcc8e0f9bf64079e85b,3
0x8d4828f91e3981d1bf7c8042bed867b7eaf3d541,3
0xbd4d581a3912ca3afdde3aa515f22c1ab965df99,3
0xfa508abc6e344bf24e702eee803731fae056a407,3
0x395ef2d7a5d499b62ac479064b7eaa51ae823a22,3
0x706e714e63eabaa8602c209ecc92943655e0c7b8,3
0x64139e6fd19becf086a89dc9c5729383bc5ea63a,3
0xd1f9eebcd233e7a5d8bb0441e3f79fbf3cfd6f98,3
0xc1a3257ad792796b83f575664195d0b805e235ed,3
0x0f581f00f6a318873e77715ef8953df226427ae7,3
0x204600c79f0bd8696bfcee13654f16703449145e,3
0x53b517968dbd242de0348a2f0d70d55c1bf7bcd3,3
0xc6bb76d4db067495f8b9b545e6e1cc9e550f3ff3,3
0x42dd6252b9be3dad03220e8f730c300564d741a8,3
0x995f75c5d0c4602159d568c2bcece72c575a0fff,3
0xa770a33cbf2e97a0eaed41afabddb997661cc24a,2
0xf33d9f9e7621842db67d61ff5008be996370ba77,2
0x1ef69826e4ec8fd164d4837a5a5613c483f6d665,2
0xe9945b3acbdc2f9dcad8871f01aa9dabbb20d882,2
0x7f534820c3931b168b1a46e16f677ae9bc4914b6,2
0x8dd3a42cc35984d2254c6be1000e035c5ba7ade3,2
0x6b81870d33dd07509c698f5289a139e190bd8909,2
0xea8cdb581e5f46491f03e25fe36b095df5bc1117,2
0x249e361933c95eb0b13ec15880d5b0de1b6424f7,2
0x07726d7e4ed80c8c64a8dd27e64f876bd4225744,2
0xbef716e7fbc844020925dc372879becd2f932bf9,2
0xef05a4dcb38843616d50fedd5275170dd7924b17,2
0xd97a2f65f89f99ce03ca8f3fd2431d053d387e8f,2
0xcfd4e7b368a7363a6c65e855c66c8b6b4e9db09f,2
0x634ce16a321aec641b32771d72eb9a31c9bd625b,2
0xd9c819752def1c636e894be3ff9a18e6de09c7f8,2
0x912043c9dc6a2bb5e3fe477016901d8a4204925d,2
0xb3b33ab13b1437c209634535b304b5659be16785,2
0x789e3b871696e5e6f122c74da94a6397d27296e2,2
0x5f67ffa4b3f77dd16c9c34a1a82cab8daea03191,2
0x3adb0a552e70cd6ca481b0ecaa19d32117419387,2
0x3dc9c874fa91ab41dfa7a6b80aa02676e931aa9f,2
0x3aa485a8e745fc2bd68abbdb3cf05b58e338d7fe,2
0x779e76758b5538084136132bceb6a672cacdb726,2
0xa05a2e51beb7fde2c8cddd4750926fa6ca02b769,2
0x7d21d6f8e03746bef7fb64710c1569505f76dc18,2
0x07ffa6fe4e45e810984fe1548c67ff027d57b14f,2
0xd9e4acd307cc2b07ef245373a4dd3fea3e466abd,2
0x52e80cf2b97974e4935a1e1273a1971f70ab1cb3,2
0xc4efc3c0b2130eee6ca75748142675af209780ee,2
0x05f9e07afccd4ea69310e316f4c5ef81ed3ed9c8,2
0xf7f502609de883a240536832e7917db9ee802990,2
0x8400f6f843797361b3862d7881507bda86b30084,2
0xe60f54049759a11d764756ece4d27815e990d92f,2
0x5e4a31a48098bc9e6bbc496c7f6f1f8418c496d8,2
0x89d11c2cf067ab7359c002e348397b25579f2c96,2
0xde75f09a694e4573f2fb222579cc0a23d912cbe4,2
0x1df8991799298b02f2d6e92ae1d66ef5d5e5a8d4,2
0x07dae622630d1136381933d2ad6b22b839d82102,2
0xf53cab0c6f25f48f985d1e2c40e03fc7c1963364,2
0x13a8553355c967ad688f08f7fce4a9d4f06b2fa1,2
0xb0b0f09a99d8ad135a54487aa327ec899cd744f1,2
0xd4cdd0131ebcd38d56ba0050608cc75b49e2bcf8,2
0xbce71f7891bf3d50dec059e63de8591675cf1454,2
0x00e13f97e1980126cbe90f21b9c1b853878031dd,2
0x7a6cbd7a4562021fbdc0ac328c6c572fd703087a,2
0x5d452ebcdcffcb19beb7cf190911cde3b538d278,2
0x86da253817dc599059e3ad5a1f098f7b96abf34c,2
0xa8b015e7b12094ef79bbf3be75bd515bd7c513cb,2
0x66da63b03feca7dd44a5bb023bb3645d3252fa32,2
0x12c307dc92b9e3fb0895825264726c60e757be57,2
0xad4489f64a8be791294116d3e99d2721c7f0a72a,2
0xe7c1a078a3fc66f77761ab0d3f4bed112a7f70b3,2
0x047c4d7af709ae19d3bbbd5f9e10461d2554da00,2
0x6bf97f2534be2242ddb3a29bfb24d498212dcded,2
0xcc3c930cc2114a29106f90c10c8e32d2d770f79b,2
0x9e28b5ef83c102d813abec06a8f2cbbe4f6b388d,2
0x31a4f19cfce1c48f7dca8c948a87756b77581b91,2
0xb35392abb2799a7a35cd97fdfb8ae0151b4d8207,2
0xd2d8e34fa5bafa8e7903babef5fd9101df45ce04,2
0xcca10c95672485e8701f67bd650253285dd395e8,2
0x86cc7ad354441bae1304f55c1f6df8ba98d44af2,2
0x56fb82cdf1eba7d9d75a1c0961c49ab654b818c2,2
0x359afe14202a131cfa9c59244606a2b0c26d7773,2
0x7204c8f420368ff9d414f93a95d644a857728488,2
0x561229a9241652a2eaf99ed49a30724c08946371,2
0xac1b80e06f970879bfb8f2b92b59442593f332b6,2
0x0b175b65cfee530923b02be4fdd0b3a219663f17,2
0x407e5c8a607a5f3b7d3b4ffa1c51d965d9b13083,2
0x599aeabf519932db28f4812e113c9c102dea16b5,2
0x32dc2cdc78cdd824db9ad1006e8659dc2ea8d29e,2
0xe43192c078e391d6243e7e45828c0669162bb9e7,2
0x50a708e5dfe836601931af3ff6169e5f4e5536ea,2
0x199efbfcce43fa755362e2c44c7e01e87cc35831,2
0x3b4dc2b06218efd3e5938bb19e1bc412073b4563,2
0x7e4c3f2751a1df8e2526cff72133abc0cf6a06e8,2
0x0c8fb96bf3bc4e6007cfa52d4d9697acb8d346df,2
0x77777777789a8bbee6c64381e5e89e501fb0e4c8,2
0x6d526f6b4c86fbdc8e359e6bef4cd6a42acea2d7,2
0xa224f729093979086a5a14ed25b5de3a1831e855,2
0x4fcfce8c5da399fb11999625f207539af1f637f3,2
0x8e51014e26c5a09816115125e034690bcdcf2a7b,2
0xcaba2231bc28f0fce76fea1f97e4c9225899b4ee,2
0x1a929b5d550c45ca8a0cfdb82f7c9c15fc278f31,2
0x75542d9d12fb792bbe9425f09641fa0e0a94d13d,2
0x5da487ea7278e25288fd4f0f9243e3fa61bc7443,2
0x0ddafb4c1885df3088f21403dadc69e0b6e963d2,2
0xee65f08510224065581f2985e490887ceae50077,2
0x11d67fa925877813b744abc0917900c2b1d6eb81,2
0x6b4a4e3ce8c95bf77fd31dcde1e2e9c69afdfcf0,2
0xaf0f557a9a7e84bdd02adbc14962df2789d95d4e,2
0x01e6b50557ef1a2ca58a621998ace3f278e808b8,2
0xf145f89042a4f1c2a0f5a2988451ce9bfa0c310f,2
0xe510647fb531e156005c621149fe5fe3d49c18e8,2
0x13020ccaa0edf74bd5d281de6c8c571bf9142239,2
0x7ac34681f6aaeb691e150c43ee494177c0e2c183,2
0x89b537d4e0de035303dc1bdae18394f7a6c15c36,2
0x70887998fb4f5fdedd269003289083fa1581932a,2
0xa59e113fbef3b4129baef6b5355dff683851afa7,2
0xcc123b0dc18e4dc147a9ca83ce0f59ebb54ac983,2
0x19d5383b9dc8723659df1cdc66ca1d2e69bf7b30,2
0xf96d09c553db50ef8198eed965df9e660133c23a,2
0x6385aeae7c6a8ab8213703783bf7630af10d83a2,2
0x07c47d382183adc21cd8d9acf5905fa799825444,2
0x5a35455c3534fd0b652667e6a94a60e3e9a56546,2
0xf84e0c56d402d4ef36b37503be8bad4246572c6f,2
0x7afe134bad08e70f3143c5212955239ade95364d,2
0xc80f256367bbe0dea36840819c586b41f911d968,2
0x88bb8b2b32201fa3ba9fcfbb757ac029f9989610,2
0x93d020b0c5158939274235ee9e670edb9612726e,2
0x383ccca6d1983325ee15bf7589f3919383c699a4,2
0x8175732f812af3aff7cf5f73dfcf947c9eef279c,2
0x69e6717964273a4b031242bfcc904469ed7171dd,2
0x1c3354d276b49fe8941a09b822a9100d50e88727,2
0x67fb85ab148f2b73b61fa0dd287adf3c7d0ca8ee,2
0x05d3a5e1d88b8525c4f096f78a40a8a14ff2034f,2
0xd2d70bda86d2c2a74a63a5229f01b70669f34988,2
0x984f94c6cb3f10b9f226ca6f472d13271332e7f9,2
0x4724144c79bddd2e35a3cc42f2b679a85b88e377,2
0x3eedb85da27cac4ec83ab5a8a38f18b0edbc7042,2
0x53797a73169c9cec4b573db7139703152fe9e41d,2
0xd4668d6d6cb365b58d6ab4931e6b8bbeb3411be0,2
0x29c4dbc1a81d06c9aa2faed93bb8b4a78f3eabdb,2
0x5fa5d55f11ba187d4c318b21a2c1b67714b5a9e4,2
0x6ab615cf8decfc488186e54066fc10589c9293a3,2
0x341c03e874b9b245b66c553cf62888439d1c8c49,2
0x9766be27f6c266d283353e8f7453863ffcc1c39a,2
0xe4e8f69769d071a019c5e36186af39d8eab69b8d,2
0x692d690091bfa17d7c3d688413b8f34c474a757c,2
0x1378ab57a444fa594cf9c8e01d6de0c0f9e731a1,2
0x84bc1fc6204b959470bf8a00d871ff8988a3914a,2
0xc95bdd29c8c552575fa6c669d81074570e73599e,2
0x3562284915c74a8caa56a0edc656f8a538d6ce68,2
0xda7fc7825eba671c937d4ec6517f66248caa8ef2,2
0x163ca2217d74637aa2e65a353e662238dc72d32a,2
0xe2cba18876ab53899258a4696a73ded50577b5c0,2
0xb5532ceb62ab83e4a0f1281f5cb9a019b16e1c12,2
0xcff7303b8e08403438c751bf21c04771252fa413,2
0x5338035c008ea8c4b850052bc8dad6a33dc2206c,2
0x325c2d1854eceec13bd8a6febae584070d6f5e17,2
0xf8ec566ff6a8dc90cd0cb45dbeff2665fd8f3029,2
0xa20ac0958bb2258ab60750baa007efc1805a1d4a,2
0xd4764a7903e22136dbfa6a3304832eea3fc02adf,2
0x82c224db3038f146ae1a6288f6278f58be0d87f4,2
0x9371a03a0f8343c34218f4130640081da75c4689,2
0x14a03ca8740a0044e63d3bb0432540d9509473d1,2
0x828920ee37fcf523a920290fb9e23b3386382497,2
0xd0cd8ea7563cdc2bb8ad6a6be2e5b5d56b80595a,2
0x02943a285b2d597da8e7673eb325ee1d5f59a9f6,2
0x63eaf0c0544c99d9dbdf550659ef32d3664aa567,2
0xda28ddf14ec309f3f506315da623618f8d829f10,2
0x26d863eef3b7302dcfeaeadea3a550bfc1fbf923,2
0x6f9bb7e454f5b3eb2310343f0e99269dc2bb8a1d,2
0x0d2bf8e3d505ac813f10316803a9db1fed3f71cc,2
0x4b003868bbd5add0d1251553b829e58ba3cdcd3c,2
0x0496f6b6a376d1aa3e1db8e6fcb333f3246bcb54,2
0x1e3fe690eeaca1bc9dede96ece39241ccd5df640,2
0x2992ae1837fd3e5722495d078b599e0b9c5b2cb5,2
0x1e6d25889ca68811cb834f7cce9c21267c25570e,2
0xe085327c5ad2f77147f10973fed45fb19d734f7e,2
0xbe7ed1c6a66648ebf5746ff79d143065956f9ae3,2
0x927b28327fd41bd93df64ab84a7d7cdc1d250293,2
0x7b640407513bc16167ef3450fd6339803982e976,2
0x2e1c62353efb3743729e1af6c234b32cc4efaf85,2
0x5815d8951967e202d9b5380fed6c9f0a7fc71c5c,2
0x9cd5f86e1690daa9167ce702f30e8e83d4d9352e,2
0x37d63649527cc66eee5b6d96b3305f0f764618f5,2
0xe4fb9ca52e39b83be69e74e7fac8f807a9c16ef9,2
0x00f91504046cb47d24b7ac9ee6ae8f407bdca65f,2
0xd106d59e2bc967e1767749e5f635539ff5416a72,2
0x81cc01fbda24f6e99a7fa8812bcbbf2a454ba612,2
0x7a3f01ad01979daf089e5aedd7d7e0825cdf2266,2
0xf283ede9aee038f226a620ca04b43131c60cace2,2
0xe37b110fc5f8d53d77cc8d6e054be57062324407,2
0xadebc3ffefc219404b290cdc69246ce8cce55fb2,2
0xdc66441f5a58ad1dd983bb0e3eb17ef8df530383,2
0xe8c6b293e90d706652ff82bbbf8de01a84748188,2
0x1e32a859d69dde58d03820f8f138c99b688d132f,2
0x41441cacd33778c0a781b9646f4640a95ee53a3d,2
0xd9a2917925cd13acc9cb35a5740120730e6d2a4e,2
0xa2e0e046bc732613464ecff416f8ecaf2cc7f140,2
0x457ef283951e8d3114b8b86981125edbc0563ee5,2
0x4cc5b8a073f883ef1772ffae1a3516f7010395b4,2
0x166b6770f7513ee4be7a88f7c8d250e5e8bcbfaf,2
0x5d313639ef95acb8e66ff481e5f335e28cfb7fef,2
0x1cba5265adc2ef75c196d61ebb41cfa62a59f6b8,2
0x700ce029b0f9d89491321199908e6a46c38e8e9a,2
0x0fb198d3b2942ec80ced2a4430e815211ae59395,2
0x036e0be744a12cf1d2c290e4447c920f7517a7d0,2
0x641cf19cbd83666d8e21652981db09088568528b,2
0xa2c62eccfdf4f93453464640ac197947e5e33c25,2
0x84f764445555fbde0209b00b32ed85b6ccc33263,2
0xa9c09f45b2bd1bbb3d7ac14506b7c9c9476a7649,2
0xce71ec2db82d10fe60f053cbb5009acb171f3190,2
0x443b29e221b54f7be8c0805859f57028cff0a1ca,2
0xab0bc8e749f91b032aa0b909ede779f27f6a2cae,2
0xb0eb8b4003fdd74f3c7994fbe5fce95ad10e3bcc,2
0xfd660518dc1b52d9f67facd42bbba962b06b8e54,2
0xc72b9eb5e5356a634529e8aa9ffa90fa4331cbdb,2
0x82e4d78c6c62d461251fa5a1d4deb9f0fe378e30,2
0x024a71cdc65e6eaee2383a4097c5b35c95e8f009,2
0xfcf7ac816bed302829847dc03bc1c03ba53c5c96,2
0x5888b4f0a087a32182ce1a726102a830617338e9,2
0x36996bdd5742136bb0dc2a8038111f33c64f9152,2
0x7904adb48351af7b835cb061316795d5226b7f1a,2
0x4444a136b1445b1f5e4a20656854adcf6fa3d667,2
0xccbf601eb2f5aa2d5d68b069610da6f1627d485d,2
0x2b888954421b424c5d3d9ce9bb67c9bd47537d12,2
0x5c5607721021a0acc528a3a9f5a3e0f1dd84ba03,2
0x799d4cb5a154b141a5a5735fe652d49e133ca42a,2
0x8eb596f1dca53b2b92a994f96ef067e0af5e0756,2
0x521cf86848e5a240232bbc6678aa4aa89a28a43d,2
0xc294edd2a5a901e3fcf1a6e6eade8bf1f9c81ccc,2
0x608a7a10ec8ae5ca837b4b265808bfd172047907,2
0x03b09978214ebb7b0542ebe3aa0a442dbd652ab3,2
0xa8a9e2c366c56ce3968bbac981d1a063e58dfa85,2
0x26e2e8a24e867e5e96ea0c4913e659cdc8a97973,2
0x31f45f2278a23ef31a5485d3aa98178e7f39710d,2
0x201b5abfd44a8f9b75f0fe1bae74cdac7675e54b,2
0x3f7a002e6950c101d83bc606e773379ae238319d,2
0x5911c682dd3eba36ad733148c476922ef3cce5fd,2
0x95948d03274d3b3c2c6ac1acd9e631e5447a8391,2
0xa3129d0e49a8942b61edd72624ff621d90902a55,2
0x77158dab6bacee69a66218fdd295c8fd3d78d79f,1
0x929774478e0ab60e00a67cce4910d49dd5b4600f,1
0x237421c2dce5b0c9cec9f001ba8346c109d69834,1
0x7277f7849966426d345d8f6b9afd1d3d89183083,1
0x9b6b16f0de173e26f6fdf2904ef2484961b3f7e4,1
0x29ab273646be01b60a1da50c4b94091951868248,1
0x3e7e3830db5d75d1a75460ad04a8245404e8909e,1
0x76bb86d1b4fba507943e4ce39bcbe70579d7c328,1
0xf69e0d08322d6aa73efc6c6d6db4088596698875,1
0x5df3b5e9d4c9d447d115d59e7111b809eab0ed46,1
0x4b8a4d312fa8867a7a6bde233be107767134ec17,1
0x543ff206ed1012ae777987a883bfdf0bef70ba23,1
0x79877981fac40440745c0433eaa600b231fe5306,1
0x38430336153468dcf36af5cea7d6bc472425633a,1
0x7e80ef678a23a54b22a480ba872987adba420e49,1
0xf6a77d630cdaf39304025763176894497f3b274f,1
0x5c120c427aadd217dbc747cfb960cae4a20c9127,1
0x0ffd1dc2e313a3f10ac9e1b0916bb3752f400091,1
0x695589d2bc5a63db1e830b1da7a07de73e58c6a8,1
0x58275071fa2bde67c3feb667c65f2a9c78144486,1
0x6477241a2aa2742e2bd19a4374d9cbd6d78a3d31,1
0x6ccdc6850517ec7dcfb08ba78707d23066f463d3,1
0x29faceec357d9747fdc909908332007868cb0380,1
0x80ad7547d879ab0481eda439bf0514e02b0cc2b9,1
0xf85ba7411face5c1bc44c484cf80172cfedbdf32,1
0x1c4e90fc8bdade442aed58f8011db5a17a2e7199,1
0xd06b2094482951a96fd361d2cf7fd34a35437dd6,1
0xfc346690666b1f3e0b8fa729f94cce64969ed074,1
0x106c21874eaa24d3bf34139281ae5f1a82a101b6,1
0xf0772cabdc9c9b9b418cf19b4844b3e3cf4028b8,1
0xae4a1f18f2461ba512231d0a4198da419b23edb3,1
0x14d511f21138eade3edabf1a572a327bf2b889b6,1
0xb4b6a076241c45e579246bbac2bad516ca3bf17f,1
0x090e1fdc0cb866317751f0621884a203a8d797aa,1
0x237c3bfe4165350e9e3fa7a361b07b5c3417bd06,1
0x3da767cf37b8ed100718e7623932f3a867538fd8,1
0x5833869fdeb4d371b854d7474f5f84b43320fd05,1
0x7634c9784f1223a77bae120e11b59abcd1643a0e,1
0xca695144ed80d2e5f10c8938c08dffbf2516a170,1
0x5b01637fd17c1ac79df13dff4f7080fdd4cfec46,1
0x618626fd7fdd3e32c2650c0dde15d6913337f0b7,1
0x20b6092af3ebac8ca3de20aaa2f6c8b83e5c66bc,1
0xf27b173b8b24561f040e5efd37b4ba28fd465040,1
0x27c6dccf18d6e66942dc5a250b1618b6b3a44036,1
0xe37fcaa787701c471c7841b0651060a7441a5d04,1
0xd0f7f7a8aa1314f4bf24646ca7a11586e1ec80e1,1
0x225c4cfc17d5ee7bf3e682396b12c0f6a7709d7d,1
0x2c3021bbbe1a8d50c200f9489b557377ebecdf9a,1
0x3f4d0a6654c8365b42dcaa8aa92d9034e2a6141f,1
0xde05e6c4d57cb95894f359d87080cd4d82d1b782,1
0x37a6156e4a6e8b60b2415af040546cf5e91699bd,1
0x4c8c3910cbb8b964d345005c20599a003aacb4ae,1
0x4467554da9e6e79ef5f90f0c0fcbf7d645c394cf,1
0xbad19b2235319df3c6a9549b8e1044312a274441,1
0xc47ff9a8ba9d625369a784a9d7509ef77bacc91a,1
0x33fe24d01539c99c50ecbabec91e05b0f802c0b9,1
0xce3f659dd12b85cadd256ba9a3c5e42dcae46404,1
0x9c11ed9d7c56ae34e9633ec612c8aacf7bce7b96,1
0xd63a8b9699fbe0b0b70c443cda57cd667a77d1b2,1
0x6805e260db96cb44ae9154a541e60525cddcbe98,1
0x26a89d6a6a9470ac84734658a795e66662dd4ebd,1
0x033d815f4fb30b2459a396e004c5a7ecfe30ec39,1
0x6dc88b231cd04dd1b1e525161162993f47140006,1
0x1c25421e70966a81c7e4d0bf1e65da92bcfa8125,1
0x769e5388bec13b0e338f6a81ddb665f12bb00b3a,1
0x37dba16c4f2993228d4e1ea30524e4780ced41a3,1
0x4922fa21986eec7ee1742fa26d2c9c7e8da22418,1
0x617512fa7d3fd26bda51b9ac8c23b04a48d625f1,1
0xd9b49a81ee72af3c026a2c144c9ffd678a78c8b1,1
0x4b009c851fcfed1e6fb81cb4693540425e643e61,1
0x1586f51e9ae927add32e426bc3aa17516516fae7,1
0x3499a461d06e08c799fe59f30557f0f989009d91,1
0xe254f0efc830bdfaade07ebc99a1b355530bb625,1
0x4c1109ebf88879f7873d8b04f18683dad23cd0c5,1
0xed6b5ed47163c7ef807e09c9da9b50a1783bc59c,1
0x66fca1a92a8c783ccf1db5c5884ad7c7df7b57f4,1
0x25125e438b7ae0f9ae8511d83abb0f4574217c7a,1
0xd727774fff706da2c95a102e58677f1722ad2ad8,1
0x1a42ded8c988dd9cf5af3dc505511d53181f0a9b,1
0xee61b0d50d96d4249ae0e12756edc199bbb7d070,1
0x1c9a285ac5a82d70bbfa69cc7754d3be60973557,1
0x907df20ae58c72577dbcadd3d57a780e99192294,1
0x589b36660627b80b7bed6d5fa9397c93b3b4e14e,1
0xbf2b96a8c630444e3905c48d57207376156bdee0,1
0x86219121fe5c62b10f24ecb2d47bce49099e6bb9,1
0x50aaf4a619be1d52376933f90fd519149ef906d0,1
0xe28ad49154d0de74133a6a0ff4031e01babac0ce,1
0xb3d1d6b5f1e3e6a316b73ebe6d79bcec43765cae,1
0xcb9613ae6c334944ae7d99d0bd0ff6b4fe841d32,1
0xd5dd2d695e921bf0a8da750199397c3c33b129e6,1
0x202c4a0c28293c279af6312bf8d2603bbb533a88,1
0x14466d035ed00533ba245e0e69c04fa4aca949e7,1
0x6a6b0de1d0cb60d179f521b09ffa6c290d6506f1,1
0x80b553c141e7cb95fbef6c44cda86f3c8d98656d,1
0xfba674dbbbfafed6da9895051e5204de824325b9,1
0x72b35f891bba1e76c93e8f265837f75a4599c11d,1
0x4e31a317252bb035ad08628036f3460957b58eb4,1
0x08d5bd85e9cd8ab2d970995eb1357065ff12ae48,1
0x5e827635f1cf30cac8ab562f801ce3cfe15a12d3,1
0x6524461f421b13aceae4a925bf5e2e4bf96dd72d,1
0xf4cb0399fd1b3c370a297fdc21090a28a1366608,1
0xccd917241ae046cee7e56559dd195d35aea5946e,1
0x42feec5c7e7d3c725864a2716ca357fa9993ccc0,1
0x5f6a6159b32709d0e8bdfd93dfdfe3a3d134bdb2,1
0x2389d565bbcde1d6403109f9d8277fcd8a8a6d2b,1
0x4cf57d42b8ab8d7bfa9be1cdc35ed84429cd2168,1
0x8b769ed05854cf291b56932a2d33170b6c27af14,1
0xaa1a8f3426196e6eceec6c8b90c013745bb3f320,1
0xed752de8ff035d2735449a92f6e9596fb18e00aa,1
0xc0badd00a37d94136e47b6ab8690501ee7523f78,1
0x64f8e38e19c1b6992969dcd5769c149951018af1,1
0x9e63b020ae098e73cf201ee1357edc72dfeaa518,1
0x24b8ced0a0f84a90c40c6b659b4d06219e0c5cbd,1
0x59c9e8ac5f62646338a1a6d6364b192534ddf811,1
0x65a7c3cb6d1c3cef361063c57936d9d4c9d7bcab,1
0x6d6c2efb35f7baee1d159de78538ba296ea5e4b2,1
0x11aa33debd37b6ad118ebc03036dc24bc4813e21,1
0x4306d7a79265d2cb85db0c5a55ea5f4f6f73c4b1,1
0xc2956790f439e90f018dac98b0058a1187dcdfdd,1
0xbb692870ee921d168b51df3f8ff01a4366b371e7,1
0xd00c312fb8a7686c05bf79425b345b2371e4cc97,1
0xe36746c093c9eb8f384f4abc8406f0c72d3278eb,1
0x2f305b270519f22b71b9498fa3d698c0817716ef,1
0x84abd78727950aa776f7939102f51df6b166ab84,1
0x0cf3c92ccd423ab2de718963bed5f70228a958b0,1
0x7e023390133398fea29ab8fa950c3d3e36939e08,1
0xb75a1966589e0fb4f8612ec4cd67e569e33065b2,1
0x2d06fed0ba1c91b8c594634e7f61c273985b023e,1
0x8c384db3ce4b6016c7930b4ebdde6dae6eb8accc,1
0x108f4f2c87089c55281c5747b4f503ef5fded861,1
0x4cbb1c3bf586daa4d0165249161c4b188bd7ec42,1
0x584c7a88179c493d12083094b6e335c267d4c41b,1
0x4007ce2083c7f3e18097aeb3a39bb8ec149a341d,1
0xc65c48fb1f2ac66b106e7bfbf703e57536808c63,1
0xd25891cfaf13c9ca8a102709261da2ffd0fb0a1f,1
0x6827497b4336e5bd41abd5572e47426d5bb392ad,1
0xeed7e1c7c9c68611584e8f6230178ce0a48eef7f,1
0x439b5e3b9af606327558add370197d3a7c492d7b,1
0xf100e29527c0ac02165206487d7bcc8982312d08,1
0xca9ad37331b2ff54ae3b2fe7792d6de33fbb79e4,1
0x8a116d53d0ec4be2bf5fd8bc9bd606fa30be4224,1
0xefbbfb08115b0f6a2825a9a186baa5777f5d2494,1
0x25a72cf069192696021282d5bf34e965c029031f,1
0xa66c49fc508306de126229174f8fc624c3313d68,1
0xd036d0c465d8361f7f778cc9a958c1f4ad741615,1
0xabca2289f0d03773e8b102248997e854aa36cd21,1
0x50c1627c55f14f072d584e2783b548d6d84808d0,1
0xdb92389b6085c479e09f200f5dfed9939a629257,1
0xd7b6f553d155a68213a376eeb82cdf7d8a14bb85,1
0x57a02e77fc4d41ca808959850f2dd23f2df4a72a,1
0x7ec97212811cf62152ce59b5ce6cbf81ec437f25,1
0x980452df1cfd8c19a4246483461fcee5d9111c59,1
0x7013674db1086b85e31a847ecbeb3f06bac373df,1
0x9b7e395fa82a55ed5ee2f5168ae15aa80ef3b07c,1
0x17ed77494201a2974e00b33b36ba21d561e3b511,1
0xe457134db87f4246865882a7e3835aa84c4b8d6e,1
0xa1ed93bf44ba35f1e8ebfb4d104a0e109337a5aa,1
0x0e63ee1a039bcc422b1baaf65c7ae30c497d3fc8,1
0x61a4bde009362b6d47d735a969ae081e4375c353,1
0x878bce522c077c62cb1ad1e488c65c0a2e58fe9b,1
0x6f8527a795c19cd367a6cb8cdfc51c57a3fbc818,1
0x2a25ddf01a25efdb9762921ca2da80ad93eef79a,1
0xb674f3fd5f43464db0448a57529eaf37f04ccea5,1
0xf0ab3aec33799d83a3deabfb95b7a71f3a14f4ac,1
0x490ad648cf8c807e0f3600989483883268834e0a,1
0x58a81cb6bb0b5673c18b46cd91b7e4289fc5dd55,1
0x1187d55f7b4dbdbe99557fb5ce64087ee7350ee1,1
0x5e867ffb48c0a743bab214748002c63cb0a23426,1
0x0d46bda2bb9165507c03d98cf0b809f10a831607,1
0xc4547121350b22c51c59de12cad75e9f362d06eb,1
0xf44967e27a71e90620b88166670389086972bf42,1
0xc61288821b4722ce29249f0ba03b633f0be46a5a,1
0xe7c3e039cdf305dda458f10c2a20cd625b686068,1
0xc4ed448e7d7bdd954e943954459017be63584f69,1
0x5d9ab5c597269668487f4fec6be905516678027e,1
0xeef9530b42dd9df11ca01dbd4d5d44264dff9934,1
0x120ebfe81c44003cd5351731709e30f9681daf74,1
0x00000aeb691b7f32532f2fba66076af1c499a171,1
0x65465f38b350ae17ebef4104bd1e69d406f9b16c,1
0x5bd0c43b6d3df3923c6a29541bfc5afbdf63498f,1
0xb7124941b5cb68ec1c44487e57ceb2e1a208cea7,1
0x37b3fae959f171767e34e33eaf7ee6e7be2842c3,1
0xa8e54b46ae93e14eedae486a9efcd4c7b5a5be20,1
0x6f2814709367ee630240d9f63509a910d6dd522d,1
0x49d4038f96866ea29ce60ac162b122041603495f,1
0xc92e7fb11c535579cc0807d655464e2999583d20,1
0x0b54b916e90b8f28ad21da40638e0724132c9c93,1
0x6378a11d808dde4924b95a9777723c931cf1319c,1
0x78d72854c2b943415ba1557b7e9719ea72032d0c,1
0xa5c515d8e2ff6b54de12c5fa5f0bb64d341b7f56,1
0xb6c1bdd840fa0aba1d17b867b0b895b447c592a8,1
0x2d680c10ed036fdce8e070367c1b8bac3e25282b,1
0x277dcda2c8410f83cd502857add5159eb83080b0,1
0xeaaa71c210b404a73bf38ba2f4a168a7f8ebf2dc,1
0xca968044effff14bee263ca6af3b9823f1968f37,1
0x562257821731283b842cf689df9941ddbec3a2a5,1
0xa0576b6092d5840b4d4fa7a015ce7942e727a84d,1
0x6bcfb1f96a3d270f00deab39fd50e78096576113,1
0x559b2a1b72ed057458601b0818fb8675480ffea7,1
0x40d80168b6663700b6ae55d71a8c2cf61d0c1225,1
0x8eff57c5dce6ffdd18bdcc12163628510431811d,1
0xe49473c41b98ca7cb69ec79df4986590344397fc,1
0x0efa6252a87ab1693e97b6b7688f42ecacac37b2,1
0xa2d638ada840080de73971e49a52eaf00ce18474,1
0xc1b422e18fb485b5040114fe2d91f6131737f7e5,1
0xf9605d8c4c987d7cb32d0d11fbcb8eeeb1b22d5d,1
0x2856cf9905d923469bb749e9787fc953b0a321e8,1
0x86991ed295fde505bc860c21bb6ecfbfcd503a9b,1
0x93d8e11f220fc1768e0f67473ff232e6e88a0b1a,1
0x07eaa17a305d6eca9aaf0f9c89f5ae4432b29212,1
0x08fbb279e8f9db67cb6496cc7a3cf9e539525e20,1
0x4572581fc62d4477b9e11bb65ea8a1c306cbba3d,1
0x4dee9375240b7e77b512fca825a08f391312116a,1
0x7bafc0d5c5892f2041fd9f2415a7611042218e22,1
0xf47e84d32eeb574d7f4c2e99ce132a927268243e,1
0x3bc6420c6eee45ad8cb3290b5b2f34a8e6893464,1
0xc2d0efb4a42e4d85dc9e020eaf2876fa65002e8b,1
0x5b435be574d63ebd1a502a23948c7a50832e0e24,1
0x1e48133bdbb228691ec85243603a187c6abfe0e9,1
0x12bb2d969b59ff2830c1c6d760a2b87e8204109c,1
0x66e1ac8cdf455b52b7e71e6a2f0c0f7d077aad70,1
0x1e8ee48d0621289297693fc98914da2efdce1477,1
0x9704f6bfbe242345a499037a7fa288fafd22081d,1
0xffd91d21aada737a54902e5c09f4af5a8e52252d,1
0x33c885aeccbde0ad709638760324f6deccc8a894,1
0xe4dffe9829257780315eb7eb1dd4ef4cac0dbdce,1
0x4b71defc95e00cb5ef9892eed91bf3209eba8ca1,1
0x71d5daa6a7dc1b94918c8768749b5f9982200660,1
0x24e0559fb69839d4575adeced88c0d45129e1069,1
0x042cc77196183b8c3d08dc2acb74c1a456b131a5,1
0xbfdec29918884c981cc3a8de1d4478fb592a96a3,1
0x86a41524cb61edd8b115a72ad9735f8068996688,1
0xc4a6bb5139123bd6ba0cf387828a9a3a73ef8d1e,1
0x317bc38b66566566529c41462ba774f489b4a63f,1
0xb594dca6ffd829afd950e81571df6a24e88a715f,1
0xdf420a24e010506d2d3402dd8a5b4568085a50e9,1
0x3b2cfb9ad60a3f1ab3758cb2ef82aa857b97cbdc,1
0x6d5a9ec71fb1336f68ab720d1cd79b7b8c557299,1
0xd515e119a9026320514b23a11f21537573f446fb,1
0x07898507bd4fd5b0a35ab67c830586aefe3060d5,1
0x4a43cdd49823743572c40add69b78445c325ccbc,1
0x9dcc35ae915926f7f5e8c624254d91f755d55b71,1
0xb4cee9222bf5e54eb86b89b0d54e2f9ae3f0a115,1
0xed0087b28b00b92c5c7767b1ddab3095762150cf,1
0x93b52ebcba12cfe758f13285147dbc3b43a9896d,1
0xfbea1b97406c6945d07f50f588e54144ea8b684f,1
0xd1e89b9e932f6c4cae6144b5e98ed5ea915e1d10,1
0xdba9648ff976995bd31d9ee9a76d2a95813d6b6b,1
0x546f0e3226e901f446cc3453dbd3e4d09f65e805,1
0x5f98a26988c38062d398a6815f629d4314f902b3,1
0xd9da13de745bfa50ffaafd0a531b92f0511b72cf,1
0x9af991c12c185a688f05f62ed129134436610138,1
0x81b55fbe66c5ffbb8468328e924af96a84438f14,1
0xab73d686716339ed1f96829e59a5960fa34ecd7a,1
0xa186727fdaf90cd7d9972572e32c618ce04206f8,1
0x5a46c3987210fd6fcf4d0c414e895a3f2f211f96,1
0x210ce89c0fe5222ff262e71f1c3243f1bfdeb113,1
0x5d6402245ee7e119bb2e7d2431d318a0d9d70e65,1
0x59d5ad0598311023edb7a2c840bbbae2b4951d15,1
0xafd0b1131f1a12c7ba707e391fdd1ee67c34552b,1
0xee1e438e4d9e06958a8b86a7b2c969e9b7e5e982,1
0xaab8cbb11b48e3d3f9412c850a5fd05348096c1e,1
0x1375ac1c4b39121ea902f32a6549875598d1cdd9,1
0x3c843e613978779b13e0c633004b18c99703c1d5,1
0x10ef7a599e5b43eb18e35365c54af12e2644c108,1
0x4692c87c62c71fc9a2b58f39b99d1304f7f033b6,1
0x0025308a300edbe4d1e3b01dad1cb221c483c0de,1
0x0e5697f39b2d8cc2aa7d3344feaef8f21850a717,1
0xcb8adf742fd717b57f5da3b2f74fc249e5ecc53a,1
0x9fecf056375a973308bb3d6fb6b1c230cfd21456,1
0x57e116836ee1c5745ef9b57484d3d16a0b24cabe,1
0x4be56744370b6f2b144216ca94e78a6ad0b5c06b,1
0x31cb881144ce25cf6c51a9c342443606944df5fd,1
0x4dacd010e15e220bc6c5c3210d166505d2b6c63a,1
0x1c59f8cbc9be8f3887c2e7da0084f32bcd7d072b,1
0x4f80cf2317a8aa11f17a2ce8ca6a7cf62df913fa,1
0xbd1293983cbdc189f986bafda8cbf9f37fb30e2c,1
0x8b9f8a8a7c383f2d861cf05f35c28359cfbc97c3,1
0x5a2c4e2edfaa654cb1279951edccb58c201f6085,1
0x974fe977848478f253bd287e3f6398c865c9fe58,1
0x8468c6efa8ca7ffccb2c31d112e5e9331a469867,1
0x0182f3bd1b0bb60c43fab5a9dade0d9b3fe53f51,1
0x11b1785d9ac81480c03210e89f1508c8c115888e,1
0xccb4fadb548abbc191a699c707f022f565801ad6,1
0x25b28ee7f335f0396f41f129039f1583345b21b8,1
0x5299227765598896bd240220ce1810d7cf126bec,1
0x61c4a38d7e9ea4095fa7d507cf72bf61eb5e1556,1
0x9052ed882a1ff46a88442e654fc966c1a697348e,1
0xa6b86e67862d4aea6d8bba809109be2c7b244906,1
0xa55e8f346a2e48045f0418aae297aae166f614ce,1
0x2d5a6d7ab823d0bb44cfc2c35651c4be04b416df,1
0x6cf51fdef74d02296017a1129086ee9c3477dc01,1
0x1fd2978ac57fb2f459ef1ab7812b58f29ab437ba,1
0xf39d98c71c4304f1ddca3bb34c49fdfb2d429f79,1
0x4ae607c31760bdbfef336d9ff999aea69150b872,1
0x5873d3875274753f6680a2256acb02f2e42be1a6,1
0xe943398da56744435f094bc1478c203fb0045e20,1
0x84c9f83db1409e8083061e9294c40697c7e83e6c,1
0x628f2132410024e8e1d8ffff03140ddceb938bcf,1
0x860c9bed4ccb3481f5642ac96668ea65201f7f63,1
0xd2ec4724baf1952de4718fbfd3ecbe95dc98fdbe,1
0x0a348c3385d0dc1af2627d9187628856495f130d,1
0xd09a61e5e144794c31df4112a779bc3566fc09b2,1
0x676f3d2c9f5776e09d23986adc6684fb41e9000e,1
0x998484c1f928f60b6a88342accfabc1f489f549c,1
0xb978de6072c49a76f11e0e133930e9c75ec1940d,1
0xe74ed6b9b268ecd478c01f76dc7dafca428dd359,1
0xa9462c5d8f8cc6633776ff18cbb80b94a63e7093,1
0x70e7a6621f4cb3c3e073d0539899f49fc88424c0,1
0x481427db49fc515c4243f13293a7ee6c11bf0a82,1
0x8bee0043b5f369367eb694489305962e72b453b2,1
0x5fcf6e9c7e97986a14a79a8c7a69b928a7812dcd,1
0x7701832b38c4af966b4b171b3e15cf8208042a4d,1
0x15965132f45ba869e3cd2e424ee3ddd9ab8d09f0,1
0x76f480563fa44a6070c65ff5bb4a2365204315d4,1
0x1a221e6e5c5c6c395e6bfe0acd2a2d435667bf62,1
0xcf2e856095978a8aba47f61141c3da5264e7f7a1,1
0xcaf94d7aa8007436d83ddfd8239ca6e69f6579a8,1
0x80454b01f3dac9827f1c9e842b1c7f685d7f4d92,1
0x5339d626398f841d67b106e3654365e3445b349a,1
0x6671ff6f013793d421ba95e46a56899f37db6887,1
0x91f377c38b1646c24efe5ff078ab2055a8276340,1
0xcee9de97d5b938dda98a0d0222000807045f97d9,1
0xcaf1a0e288965a7a64303a49d2a10e22414fa264,1
0x805b350408f28966cb4c9dd497f94b0f845b8a1e,1
0xa1830e8d9f019feb448478a171bb37cc6c4c0482,1
0x7c95a510961fc11b5c3c9d3bfa361d054905cc0b,1
0x7e5e373d562d08509918182deb62511d6226a816,1
0x3b4daa9fbd96445faff116164ff634c976f3ad58,1
0x0bf880c6a93a7fe662febbf482d42ea740d897e3,1
0x6e556979eeeb38d95187aa6246a0b7f9daf538e8,1
0x32cb4d6093b854061c63c1d3f243347a45a17e0b,1
0xd9e17554e0e66f2cf26018522f86d21b65d4f7ca,1
0xc753d2b398281d303559b6abbd7742102468bb70,1
0x3112911479ea9d410b54a7c52f59651f3ac6d11a,1
0x11419d53a310375e690356eef380da6b9254d99b,1
0x2468a0c24270b13544f3d2a34fdcb7fa6592622f,1
0xb8421159252ecf26b066127b4f86896ae8de78ea,1
0x50664ede715e131f584d3e7eaabd7818bb20a068,1
0x8e3fabf5a1e4b773c227d2646eb2470263d3a1bf,1
0x9875094945893d40979e2858b6caf788dcce3368,1
0xca3099dff7709da06003ecb3f0d01a095582fa9f,1
0x90386491af160c384e8297a5289190d3a8d22a6f,1
0x89754e7ff5cba9cd94c21d3e36ea598afab75431,1
0x538ded4d0d461206ae8e0c021d5179d3a31d2b12,1
0xf7845cc3d24a511e15a0368871465f0dc5ae4fb1,1
0x900d60684b0ba29d8c209cafa4fb9a202de8e0ac,1
0xaf80764e457d5bb531cc196a92169e202d0f2b2a,1
0x3557df0cf26c6e70163513f085aa5cf931adf454,1
0x15cdf4e02055c44231fd6d8dafd487b192697421,1
0x7e73ccc793e2448c4510249e71de9aee4442d7dd,1
0xf996bdbcc6a847fdcbf8e2e6017964ec7f50e289,1
0x84953a3d191e6d8809c3a40ddabc93959ec8852e,1
0xa5d95ad29692ce66728f9a1f1454d0bdb84ec73a,1
0x21bdfe7265a702d7f462b46c00a0fb39b39b9972,1
0x10d12277a6a6d24ea560859963afd0e61bc9d8ba,1
0x78d115d4f26feec21420aa6d349c58892a52ddad,1
0xd54f7ab07175d9effc4b72581517800b47ee7094,1
0xba17a514d8dd407f57ca411bf8324ac50f11bd82,1
0x753ac33e53a1c56c68668487e45b09488fd0fb26,1
0x89621b037cdaf3629ab9aa6079fc0bd77dab46fe,1
0xa91c2ceb9d2e343bfd5a12d5b3b3794346a8c473,1
0x6f6b7fa2349d40e3aec7cf198a6ec1321ac6fb29,1
0xc10b17d37d8eb29e8b8b9f8e912bf88ea10e78e9,1
0xb90781ceb500f80a9c101225ed5451449a3aa5bc,1
0x4460c5dd37449b8f10b6de80126d4139f6551f7c,1
0x085843dbde124ab8babd558fea60534962628338,1
0x4f1a63e53e67be6ba0f497d91a3259686d41a540,1
0x95ab6afd9068b8c34336a8b311f64a1ec21f9e0a,1
0xf1e7e56aed7e7cfd746cfdb2d91f2c1ec671f4cc,1
0xd3f179ba57411ad5d2ddb5f334215cdfba134d20,1
0x83d3c996bd78ce2bcb3e1eade94a8b0f60ecb863,1
0xe6a45798d46ee574ec32f3192a4c866d87513935,1
0x4a16de74a784215e03081c308edb582f0a4568c9,1
0x2655acd028268b65a6ed68376da477edc9431459,1
0x6c153feae296dd6f0249323cf597724a9ebfff33,1
0xe345c5dad42d1ffeda91c01aac2c03af49597541,1
0x5edae7594dc0e6998bf21721eda38c24fe200586,1
0xdec08cb92a506b88411da9ba290f3694be223c26,1
0xebdb626c95a25f4e304336b1adcad0521a1bdca1,1
0x146baade6ecc534394a26c5e22c431c1eee0e3c7,1
0x6f91c3102b94c98882c2284df6a7baa709175ac8,1
0xf0ae4f60a4dc379ae25371a34b4b699dee8d530f,1
0xa4a29034e5f190ea8e4250e563b77a07da4bff90,1
0x15e696e03cf87f23a2b864948eab5595797aca6a,1
0x574b4546cb756a8d36edf5907f4cc963a3cab612,1
0xea17decd530792e2e667b000903f96c52803855b,1
0xff79b76adcaf2d31bc58152d7e4de5509dc43a39,1
0xf179945e6d4b3c56f5b00c6d80ad3c184ccfe0d2,1
0xee32d08e674dbc7ed9547f02e39da62a4689e7b5,1
0x7c0b689a3003e0dbd2d37ce15e8a2273d91bd7f6,1
0x90286da696aab72bc1c83a30ecda05b818f62f28,1
0xbe4f0cdf3834bd876813a1037137dcfad79acd99,1
0xe2dd4d4599349cd55e7fcc16c904ddd9a70e5d9d,1
0x98ff843132691616dce7e5611e85c30210563b22,1
0x2c452073377ec65b4b8c7dfa995624d60028cd53,1
0x5f350bf5fee8e254d6077f8661e9c7b83a30364e,1
0x9790276125fceafd92eadda296934ee9b7b94d20,1
0x76d3a0f4cdc9e75e0a4f898a7bcb1fb517c9da88,1
0xb8c2c29ee19d8307cb7255e1cd9cbde883a267d5,1
0x86d8dc427b4403fc533ec40ca507d5c14100af24,1
0x87c0a3634375342b5558d08f97a8e64193987b38,1
0x915782db070b286375c4b757f63fc9a81c3e93f7,1
0x9a2a3944a72d595afb7c285a3777257ecfcd62b7,1
0x5fef57ec758abda7c9ca42f2c3ae4101b0ee44ff,1
0xccac7ca73ac0b892bd99b144f8a2bf36fa9fb58d,1
0xf2f6225962e7b1098d10f8b421b0c31936c7dcd2,1
0xce1a7bc82a15e8ed38be06b8c8df8bbdf3e2b7a9,1
0x276b83bbba75e033db5db4e80566ac295a138768,1
0x6959754dde646f5366a80cce848daa606aef7f16,1
0xa7eac39d1c9e05752e17c915302a65985fa2e061,1
0x8d2e185e860e5e2aa61bfa25a59380d91f27d75e,1
0x1bd9582f085b2f4575ffd53dd5c9ea328a677191,1
0xc49c23d3ea33b18a4c513c69e8dc5ec0e8ecb62d,1
0x207d6a2cfd7fe8a94177b618c476f98112c5333d,1
0x96ae65b7a604e1528c1076edf31825bc30f621cd,1
0x49f86794fe566dead8f8198729e5fdf37cb7f6ab,1
0xba547645be1908476e6c3dfe52b5f2c119ad72e0,1
0x928fb06cfb8cb073e4339e842d6aee37322240a0,1
0xf315e8f6312bf0a5bc53aad4138b4add39609573,1
0x066b00f790347e3b3f1fb685f56e4db33d1ba21c,1
0xc284a334dfd7f95846eb8f8155ee3b08acdf8583,1
0xc6c8aecb1d9ca59a09d691cda8539992655dbfb3,1
0x6a5dbf2fb5206ec8192620810c3edb6d5e62b188,1
0xf0d66807004b4080e02026b50da1d3b214d2b4b6,1
0x680a6114dd343556dbd3fa564f790e2d14b45d5f,1
0xa6c9b30b3464d575e721f40e3bdeaf6568d82165,1
0x2154bbce5bbf61f51de52daad0d055dba455f1a2,1
0xcd570a87879a7ed93c791feaa0fe39f022ac899c,1
0x73bbb01407f1e7a3a5037597f25f2291e229b141,1
0xa94b40c53432f0576e64873ce1cead1aae62fc90,1
0x83e55e0567cfbe56cc9bf5c4747bf22283b12720,1
0x417aff82d2cd9fd39fe790af5798ae865fbe8c48,1
0xe6e7a811ac96c93cd6b555c2ad4430121321f41b,1
0x5f370d192c2b86924faee4acfe817c0aef2ca59e,1
0x444483c2d87a6c298f44c223c0638a3eac7b6ea0,1
0x795f7c269f67235aaf5a6f6d454d4fbd7c13a8b0,1
0xfda39fb940401d6732543b2dbfdc5ec50f4d9866,1
0xb5fc9eef8f391051ecfc1c7d71d617181a56539b,1
0x043c1272f536ddaac6595d2e44ce26217cb3e86f,1
0xd30eb4f27acac4d903a92a12a29f3fe758a6849c,1
0x5058aed265e520a681784b40ce16aad313287587,1
0xb57aae22f8ce7524cae1704dcc68efdedf1a4b8d,1
0x000f4432a40560bbff1b581a8b7aded8dab80026,1
0x14fe305a170128fc21ddb6e3e22fa3844a77589e,1
0x776bb13249f51d75251f37c88f150edd296802c8,1
0xa0768b454fc4ae5fa7885cfcb379706be6b1633b,1
0xc84350bce9259d11f7518564520c9d3d6dde3871,1
0x704a7e5bafaac4e6f8755db171872d9035cbf09d,1
0x50d5e77a1019b3bccccfdb3e0a9e145af43a9443,1
0x57a4fff191354034d7d01b201b42edb5afd81462,1
0x224f17bb6610c833c89b63754e6454a605df48b5,1
0xed32da4b236f0e394af5db56271be321e4b6d5d1,1
0x96112ad7f3f56d7628ffb381f28cd84cdba9e85d,1
0x2fb396a205992ab85e90121f6e503d981e4cf6c1,1
0xfdf7055af7536e40edea3b1921ad1b72d9a6dbab,1
0x7ebca2c180e74fc4731f7e4e4eb320befa76436c,1
0x04a0f10c0dcfa5a4c060e5421f385c2a0e541a94,1
0x316b98c6df382bd218186d0766966459a199dd04,1
0x21d79c2be4ab3de2802a60da66f86d497d06102b,1
0x1caaded48bc6a8bc81a3668cd6c1796b80bc0bdc,1
0x3facd0bdda069434d6311cf32673341b1b0d72ff,1
0x021067690c34aba3b0a317c0e16d3fe52373092c,1
0xa114b452fc65cb0ece11a251e974ac1a5d0baedd,1
0x1540f6fa70c04e5a5dac6a134d9dd03abd301b1a,1
0x67d21ebd269d61ef8cd9f0f3698869b3d818a4b5,1
0xd1f9be99d2312895913da55d5ff0347a55fd37d0,1
0x69c509e9765c49cc6b9b4568b90aa47b89f4992f,1
0x624b683e269e77b16b6340e059bab20481a8fe15,1
0x91959561e48b69f70334659ad2aaf11f79c46619,1
0xa11f83cbb07fd0327415bd424b986132e009f643,1
0x424411f75609375cdbead866a8e26615e8281802,1
0x085226c2909e35208a98f0b97b91726745f9f590,1
0xca75956f0191dd721a7d4090f63e895b0b550cce,1
0x8b975b1067f1e86a36252319e57279942286fbed,1
0x092d49b4da05e97507d4469fa3389ba35a47d875,1
0x543d74cf340458b1f2a848b052b0db4698f95584,1
0x9c49a9d90a9827c98e786fd2909adb46a02faa4c,1
0x3496cc53d6d8650ec936891038e656a85475126b,1
0x38c581d376af690f92e3a4f4af2ccd0576f9857e,1
0xd1fa3f9ba62cb251e785d2c7eddd5d0a022baae1,1
0x006c7ac05903191cc42b64c77c30b0556b4ffe27,1
0xfeaf6d29ce483e90320d06e2ffa9c9390e526d2d,1
0x5beb8402c384544580f750546c85d1f8850ab840,1
0x8847ebaaf29a18396e49191602f8d8d141b98aa7,1
0x314eb4cefd47ec30baed4d23d9a1d45e4a968b35,1
0xe3e202b2cac2b3ec41219c69fe0d2352b19cef69,1
0x1d324d1e6b8e984e3d7b058460f7c902d7bc2bd5,1
0x2c9d9677ae51a79f3a4c99c0aefcac3f7a0f7065,1
0xae9e2d7ea31f99ace589dabc384fa7fc72a04853,1
0x3137344165733fb00cfae6a2c9ac3cf9726abbaa,1
0x0baccdd05a729ab8b56e09ef19c15f953e10885f,1
0x8b291f8e02926feb062c6aa8822b1fa4e64eb3d5,1
0xc9e7d61bbdef3f821da08bfdb19a2bf7e0ec60b7,1
0xe0c484c905da1488700270f8398419d8b84915b5,1
0xf33a737049fea7fd4f5acfb5ea3c23a5f29a6566,1
0xc7e1d1c111cdf0d3e9ce6354a7df95ff987232ce,1
0x6716c12fc6ce424a1f364e5c5594354720833144,1
0x5be28e441f325d8b005839fd69695884f11da063,1
0x6f3ac41265916dd06165b750d88ab93baf1a11f8,1
0x23db246031fd6f4e81b0814e9c1dc0901a18da2d,1
0xbd1319be8b267d868282aa221a7a68f9afa65da6,1
0x23727ebde0056732754df6a75bde03fcd8706f35,1
0x1242a09776f6979b3d9a1c5c797fcef7e80cb659,1
0x79acbf17da6520d923673a285955bbbc468dd609,1
0x5691ccea44fc4a53886ff1b8666c89321f73c49d,1
0xb2a0e8ffc16729a0ab621b2de55e1406991b407e,1
0xfeeaa6a2ae0d4a15e947afc71dc249a29dc2778d,1
0xc2f607b2f12b0e67ea00a787ab6ecea7d5cce62b,1
0x4bb402271667a25d31935d13ff15d2a8f8d08456,1
0xbedd2bbf80b2e7d243b9bbb8a6f28b65e3b48322,1
0x644be8a25be30a21e2dffeae4fc43937fbcf3efd,1
0xdfc14c23038d406a043d95636b2f4fcb3db7bfdf,1
0xc23dfa3ff637d157f41560a70e14392f475c71c5,1
0x335147a6afcfe1136d9341c9a264f4a69616ad7a,1
0x08c9573a3a9235b712237747a88989dcb24d4a34,1
0x34a903636158a5e5929a6cb87171c7e0dd2ba6b9,1
0x037cdd64f9b2e00fc6b7a1aa3e6152aff8718540,1
0xa044ec5c5189d7b2ecc176753bf9a9e1ddbc9d5f,1
0x8c2fd016412d9449da4b1f8a3b0fc03868f717e3,1
0xff48f17e93a0173b1f4767c80c03d2857c729384,1
0x995a73bd43268cf040f911c76d40b884c209ba0e,1
0xf44217a8b6b3f258bffead635c226528aa516aea,1
0x60c728d2a606d9fa24e9df0739a9e8b27582ec60,1
0x507e2135da72698044a8e6ff042324a18d73597b,1
0x9b03fc27d61d22399a0ca5f011be7e0cc869b630,1
0xf0d6999725115e3ead3d927eb3329d63afaec09b,1
0x439547ca425cf76846ac3d713e5c57e8a9dc4eef,1
0x55e1602c77e762742d69dbc57ee5f016db83f2d5,1
0x285b7eea81a5b66b62e7276a24c1e0f83f7409c1,1
0x6cf04a2f5505bc458c1b6846d24c6d1838abdce3,1
0x4ef72636664e3348791357588b7d3bf61d29f4df,1
0xf14a04d18cb5ba0fe293f6157cd4593404c12ece,1
0x56de2eff85e255641da7cfc2f87ce5fa0f28214f,1
0xb789221616c7be137f33d545758f5510591d725e,1
0x11f17b26e6ad2d31dd5bba3c0ab94ee899d2141d,1
0x6687c671980e65ebd722b9146fc61e2471558dd6,1
0x67f234a7b1e7775ee68667fe71a7a8e94650fcb7,1
0xb1603775af92cfde3af9cffd59b3c58cbc4eb783,1
0x3eb6bf5b7ac2b683c787f7aac59683a8d05d885d,1
0xca949bc917ff93bea259d1751a1af1908c69d969,1
0x5feb5216ad5ec7dcd337d391bc90ccf08dd45fc6,1
0xf19e2779f87ebeed88d37df09aa35ec0018d2758,1
0x80a2527a444c4f2b57a247191cdf1308c9eb210d,1
0x01b9369cf8624e1f9960864c18411b4b07eb91ac,1
0xcc031c2e41b59e41062592121f2b44c0ee91886f,1
0x273ba31c706b9d9fdae1fd999183bfa865895be9,1
0x713282ece7b1e34bcb88c8f1922561a4ee369772,1
0x716759e8ab31cdb4bca2f693a979b23e6020d4bb,1
0xcbbe34a3e25341a568985ea1d43f5f3847f3f047,1
0x4149d0917349a7167258d0a77506d6f3cb7b18c6,1
0xfef7171525adb6834686b727597ef9fe37547afe,1
0xca9ba74ee20917211ef646ac51accc287f27538b,1
0x1d9567009bd44b791f0b66474bbbee1f44e35578,1
0x13fefdd563a930f07b1ac8a2227acc27c3c12946,1
0xc77c6eab64fb3986ceeae9a76081dd2097edcd0c,1
0x2bb9f760473cd2695301ab8cf06931d61f0bd4d3,1
0xb9c83fe4b9cbfa91f0d8946fba0de2670788ae42,1
0x037206acaa8ee3da02e9abe429f51255476a64d6,1
0xbc811f603b851bf9b6943e3326bb19c9a7dda90a,1
0xaf1bff74708098db603e48aaebec1bbae03dcf11,1
0x00d3baf1080b1cfb5897225a21ecdcc25a1f4456,1
0x841dd9a19e9894849c27580a68cdc8886b8d07a5,1
0xd7391a8b26c91632106fb4984fb3436df5440bca,1
0xf77e60088401d82e67b42e1f04eef53308cf4a19,1
0xaa163c47065c22d17ed1c47e3e244337d2056c17,1
0x45c02d48d3964f675c03a2f6f60a1ea10832f834,1
0x0d45e1ddd9a7d0d9d5da638b90e7e235cdbe88a1,1
0xe719529be204d3c1243952fb5722e0cfaa0b2be5,1
0x6c1d01b3ae9494ed72666b413409fc8d0d46ece0,1
0x362b2ce5cd32b8b7c381e064087c0214d3b8f174,1
0x72f091535c3a0f7d2cc3703dc7d6ff5c72e2ed45,1
0xef4d9e1f4e9e2dd9e747b53f4be3d04bfa935f2d,1
0xafd5f60aa8eb4f488eaa0ef98c1c5b0645d9a0a0,1
0x47ff9ad855fcac477f56501b3f4170efb71fd3f8,1
0xcbf4ec5e64ff05c170a07fa839ece108f7332734,1
0xb78b12de170f6d873ede492308308b86bcf692bc,1
0xb130b154caf97cae28ed92f2ee70c1dd830f94f4,1
0x38d1dfc5d7abb5b32888499265dad7786b10fa7d,1
0xcba52eaf8dba925885dfb5b13c5c2b0f05e93e3c,1
0xdc788b5bb16e4a9834d4c0ad939479c2cf0f766c,1
0xdaa12ca83de2fab833fc28ce1300ba6ddee67204,1
0x0553cb474d6e83434bd454a94ec42953225f369a,1
0xd9c45915a2beb2632e9f2caba2a3adc47ea057ec,1
0x161ea288055b58fb182f72b124a5d0f367b099e4,1
0xa8b2a69a331f1a3f03c8961c109610cdafc7379f,1
0x7e6d8bca8f505cd09822b0986290e895217c9d9d,1
0xb4263effd8b2b2457028ad4743eb01bba856bf01,1
0xa8f61bee24227210e8e2009025a46d41353435b7,1
0xcb27d99901776e111f22cb35589bed922a2a060f,1
0x60c2847dd005a346c032ebf1874d5a30632da7bf,1
0xdeff1e0d40655a47cc87cf3fa9bbed06fc121e40,1
0x694bccb90d8af7528b7f4be66695e920af466a10,1
0x4e8dabccf53c16bc2d26a029766466d7e8f5c242,1
0x5cd10e00e3e5aa4542f072a52f0b9864e0c4cdca,1
0xfe32a37f15ee4a4b59715530e5817d1322b9df80,1
0x3df51c76e46bde1416bef8a8ddc40d9b2ccde3df,1
0x51ddca207af7af147ca7a93a1ec80ec0d34e7f0e,1
0x502973c5b044dedd61f4412846526ecc021872ab,1
0xaecce32486bf8f657dd9ae4627048de1a72c41a5,1
0x362bc666ca29d62e0d7b42adab58157ec0899a7f,1
0xcb45b819e881fa7a5946b6b8f92a5576faa5a3bb,1
0xdb7d27cda885767f5957e50accca2f7b1300faed,1
0x3c6c0c4eda9f73fada5220b5e9a7d73c521367f3,1
0xe4aadb228e74fc64c061b8a6dbef930e9bb4fc1d,1
0xc5eb2e0556f9c3adfe2b9eb784e7f5f3930a8f9c,1
0xdd7b952a2841bfc804a13110a787905dad9535dd,1
0x8564dfe89f25f6609af4ffbd1a57767c0f1471fd,1
0xa48e7b26036360695be458d6904de0892a5db116,1
0x8ce17ff2c7376e9adfe9c63c47a801097fa6c525,1
0x7a4c6e32c31a56bdd78de86970180d8a0d613f57,1
0xb6ab8e6297bf46d3bcf80cf93dba6e265028a610,1
0x935d2fd458fdf41b6f7b62471f593797866a3ce6,1
0xf8ddb07ac0dce831924b59a9173aa855443f2e01,1
0x1880965c24448cfccee3b329b6de724e5c15618d,1
0xf0c7ef0861d4f55368cbb7724ef61aec198a8efc,1
0x51b526b051b16ae8318a3ad1c46a23bfe5e55686,1
0x2dbc5e8f6a2eaadd01c044cba36764d6536866b5,1
0x638c0353192caa792e2d679f144da80ca1512682,1
0x8ba505564e421a12e3c99b3f9baafadbbac6957c,1
0xb381d0ede4a4a355d3090b314615147a581e7cb9,1
0x264e467841f02dc85e60d39e103bf1831243ac06,1
0x47cb7b53db912402ef423dcd9ad7368c4e33e0e9,1
0x82e8d509641fc143c628b5252c9f6f64243319ad,1
0x4452170774bc1e12eb52b426dc74a7ec38b8c17a,1
0xc8d598fabf4d816a02c3802865c62e35c33e869e,1
0xda86180127b3c8c0fa76d56348922bfd9ccbe48a,1
0x9a6f0de94cf51e9ffde08977f5340764131e46c6,1
0x36867a20de281a3735e4ecfc7dc4e207665a73de,1
0x7494eb2916cad8649f4f91eb1db6e20be605dad6,1
0x4a136ae1bc78a3b4e83303d4fad2c5978f08d6d2,1
0xeaeddd99c698dd3f610280f4a0fd08abe37a5b57,1
0x871e61bc2818e4410d22654738d2bd915b9b46c5,1
0x548f668d7c82c7f69d39a5c5a0e0a64071a2d602,1
0x331faccc525e1a984bfef82d419c556ecc24946f,1
0x5a0225da07949b97ce80da7c80fecca52e21d36b,1
0x28ac9e4eeca87b5310cb64fbe8ff22f498deae07,1
0x795fe6f884eb7599abfa814aea3cb8d0b3cc47c2,1
0x942fec89e62c34ecfb26694654bec567fbdf68b5,1
0x861964c8d472c515ed5e6df87fd6e99a5d30630a,1
0x1d1473c50fd1b266a2f304f3034814aa978d8d84,1
0x369e32aed1dc5c33c85ab20977fb645a803e4a70,1
0x9a57bfa441d2d29dc19997b70c87c3398c2523ed,1
0x3a2d016124df975850b84a6a970ecd5725bf793d,1
0xfe4b04ade5478f3b649614221cdcc43ee31fa27e,1
0x9d75ac5e756710ca4a49f59f67576d33ab7f3394,1
0xab961d7c42bbcd454a54b342bd191a8f090219e6,1
0x586634c272dfa3894ee9b99836541dee35660f34,1
0xec4f93a158f27c3b3481f5754b0d9b1f3cf366d2,1
0x7221dcacdab745ebc827578dee7c46ebc41ae7eb,1
0x181f70acf6291afe7aaea60733d30510bf17fc48,1
0xab6146be577a5b63f4ec5b75506e974417cbca22,1
0xf5535d4b271edc5e35dadc460385fe44f286ab8e,1
0x9b590df06a4be7aa7cd1a0cde72fa6c49abd6720,1
0x2db6aaf4518ad553b45f962fc7476d3b26b6b9b5,1
0x1f31a3a7516dc5ef328acafab258b7e2d51a2698,1
0x38daea6f17e4308b0da9647db9ca6d84a3a7e195,1
0x29cef0fe6e1db4feaf589fa3cc94553b96126b8e,1
0xc24851c296829c2db3d2a491413902a0270a1de9,1
0xea8ae5797e0e054a06bd2fbe45de1e5e0e9adb81,1
0xd35f61b6aae06746b1d521911ed30bbc328d82d4,1
0x2f858384631b4b4f6b9dc3f64a4bc0ec36bdda2b,1
0x3ae8a332a51361ab6b9159529a1a007804f6f3b5,1
0xdb3354b5cf08465507bf82b6eeb9ef5160768399,1
0xf49d2bcc52f0b46a98204721f98ce9d4e6730bed,1
0x41d99f70fe069e8e16c00d827ff58d53ec43e12e,1
0xac270db5f0c00505c7972034110ff77d2c20f1e0,1
0x95cbac20c014ac88f76ac8f4da943a53696ce40d,1
0xa7e2c8f5fa1eec3bac117badeace9db3c8c7cd9d,1
0x71288e7870a258d41eefb9c6141e6685400be0fc,1
0x795076b0f5cea89e45a493acd2721f330fd79b73,1
0xa7e6fdde9c9703740b2b25824a6f562f5fb45777,1
0x4d0e439ba905eb39aee88097433add619cf5257b,1
0x8e6c25f50d4be1e649e61b331a804d11b07a5c08,1
0x890115efe35f5ed36555e8a0b55167e107777472,1
0xce1cb6948f9aa1dc73f2706a1eff46f9083cd6da,1
0x98ccf605c43a0bf9d6795c3cf3b5fed836330511,1
0x2492a8400813764952c89a88232f1221858d9c10,1
0x9b269141e3b2924e4fec66351607981638c0f30f,1
0x019f4ad7ea31cfa55625094298ee34966d334c7f,1
0xcbbc5d06be48b9b1d90a8e787b4d42bc4a3b74a8,1
0x4442994dc1852e67fd69532a15e4c76a8a1eaa6a,1
0x2c45150ae4d926d1e17d00d49c26525b44e41186,1
0xbd722f41bca276b05a27e0b716bdec2cb801d952,1
0xef4222bcf87e21dbc9f2e3db83bd6189eb3ab0fd,1
0xf396923a852cb675aa52604ecd6489385da4b9cf,1
0xad640188745ff9a9fbbfd13a30e1fc48c0b93761,1
0x1e9ff7d98e9d1ea8b0a14e8a5617bbb6e64ba1cc,1
0x6147f2ee655495609260775233d0377a1084143e,1
0x3de52fc645a215d841c6891b9cbf193ebc728814,1
0x71b5845648810a261ce51f6e31067c02567c3a06,1
0x17ca2674104cb60bc2a43b8413ae87c16dccbfd1,1
0x5e382baeb6ed157ee733194f19f4d917e925330f,1
0xea056794debdb1060d187e5887f0afdd2a897c71,1
0x5e43055102c0abc67dcf29908b5baa6b5f1729f0,1
0x394195f788541166dff932a828455a8a940d75d4,1
0xbb14766b9455c10b2d583427d586954bce20e703,1
0xba48024b55f446a7e4acff0f55eb10cda464c2fa,1
0x064e0435bcc8f4b5b7b7256620b935c56b785256,1
0xf9b9fa540d954d35cf9d803ff859802aed9dbe33,1
0x32af6b48574d5601c8f49a986b2ecd917dbea06b,1
0x34e8a399063a051dde23aae97506a3e417251191,1
0xb7d35e6e953bc4a27563e231823800326f7cb284,1
0x6d6ef0caf7334a62aea860d40b1fcae131668774,1
0xd7740d4220f685711c8ce733748bede811b06704,1
0x99721a9a4b42b8a6bee1d7f1f9e51d9afa4c29ac,1
0x4730f5dde6daad4b9381f261c9f6f76ce6a9b4d3,1
0x4feb5e8b30b355653e27470ef4a1f3d5cd355762,1
0xd8fd1ad0da93d380c96b9de5f0b6624b03b7963a,1
0x1dde8492f3bef456c49d718b413491fdb7fd7214,1
0xb10a17fa1bd936f1058d9eab01a742a7b60272d0,1
0x7c218fc943e54b82ed027cec922d364859bf1ead,1
0x1b86a345c38850712a1730f5d0e3712249f07c09,1
0x06edc4cc1eac57650d9b53ea043709d5d84870e0,1
0x434c9c230668df9146046dc08fed388594ebb6cb,1
0x240cf70d8a648be133feb342d71e5e81c686e5f8,1
0x8017ff21bc4972d84a4dfff2141517daefd0c256,1
0xb28e2d5602280c42641471fae46e8def9458ae60,1
0xde99c186f223949df2126a86c90ee41d9b6bda36,1
0x3213de70c799551fa21dcb7d612552f4d65cd7e3,1
0x78ebe56bc138069557c89af35eb29023ff31ae2c,1
0xdfc0f2333eab608432960e07f4df79df694ea778,1
0x95ff629309c55100ccea8c6d625dc8d248ed231d,1
0x1151d9eda4d6415b57851f39894c0bc69134e86c,1
0xd6884f50113e87184a24b73422feef9fab6047d7,1
0xa3ae5f9b45d6b177a716ff6c27043029b7345c86,1
0x7cf6dc2db031b5c0a869738a682b51890756b24d,1
0xef8e26bcc5f0d49eabad131974bd2d4ed3782835,1
0x7545dbf11599bd7229114e34a32b1844ed9fd1ee,1
0x0040daac32d83c78546ae36da42a496b28ab09e1,1
0x6e20f1b46d4164d707e8342f941302b2197bbe47,1
0x67bfe7d0b420cef9790659aa5d9109ec75f46efe,1
0x640d4b5181f4f89ddd01a78d04ef079171ab2474,1
0x9ea95bf92da8d7db7613597f723f4bd6538ed2d5,1
0x3ce5e3e3f5a75d1b8490260a9b0a042c41f9767d,1
0xf1984dd40cde6227df2f0a503c8bc9aa8380d87f,1
0xa12c8eaced4109a836011d7e88a4d658e03a20b9,1
0x0d298f8b6e73a8e430ea7514fb72bc4090b3069e,1
0x31c683a67f0e3919a86fead9241d94f34679f11f,1
0x9aed1833028f064facc051cea2f19cf74e3297fb,1
0xbf572dbca3bf9fe904c6f34e8e4584e1a831fdde,1
0x9bde0836d9f7386446a455684571e7694f9d909c,1
0x28430f7eb70406a74fdf01a62c1c162cd3a04f00,1
0x323794c012df58d68843d745c75ea536d870c7da,1
0x7bfd522dea355ddee2be3c01dfa4419451759310,1
0xfaee372b8993e8e464db888dc3aeb0435e2ba0d0,1
0xe0b2add5c2d094008d014369ab6bc5c42cf3acad,1
0x65d3113f809180b1e263f38b8404941a6a7f5299,1
0x769b100c21ccc90dc96ee15b1ff888a446dbe4d9,1
0xb6c8cabc2150083261d541a3011a658a36ca55b9,1
0xc537b677d45530cc2352c904b4af221f4de3d16f,1
0xff2d091c4b6501761093c296c1fc43a12160129d,1
0xb2b05422f3d493fb5a01f277f5d2b9f06ba2a116,1
0xbea645da9c7f6de1f7e287759ccbfd5ab9f57c08,1
0xe831c8903de820137c13681e78a5780afddf7697,1
0xfad95dfb66e72a467d62dd75a56082f9021f3801,1
0xbd8e3fcde2ed8a4872622d454ff7ac257c74f9e3,1
0x4358076e8489308c94693dfdbf21a8db425a8b2c,1
0xd1df1c40832ef19e8e1a015256bb0ae70dbac58f,1
0xc0c44b69d91ea0b26f5be8afedc18a8cee281ad7,1
0x67fce32ee0f1f9d27f3745cc02b1b49d02aec0a3,1
0x82427a5027d9d54134c8e24847d7dec9fd552e13,1
0x4a23bdc1cead7c485e08f36b0f65e518589e71f6,1
0x25b9f3bf60c74a7041115cf6fac3dc3715b2a8ee,1
0x6e8f26d35800ebb7678ac858866ec0e86ba7d1fc,1
0x4477d68f69fef46b888e7d04251690157daf70c0,1
0x7a62d6cf2517af31032a947ffdd8a385b45c80ce,1
0x1399a4e68d94918025096fcafa1e36059fb10f1e,1
0x4143f535c06d72a1b73a6aff971d4f21af435444,1
0x2683fc888daf4850133e349a614c48f03cc126b7,1
0xad9f9194c68bd83250a534a7da574687e1f102ff,1
0xac9125614dbf0039459f30f1e336083342a75caa,1
0xc90923827d774955dc6798fff540c4e2d29f2dbe,1
0x059736f0ec4d6e2cd0af8ade628c2a4ad260b72f,1
0x9709bd2fe6432d5c5e512050e4a2090cdbf788b9,1
0x5e8728942678e3aa089b90ba50e893e52cb49e28,1
0xc99f3b968b7a8c88414c266c4bd199bb1c7eb86c,1
0x8448f455fd23a7d347adc630fd3902443c34117c,1
0x1b6b6bedbc40a236a54ae47032bee739e22a1f9e,1
0xcc3e0238ab75ce515e7be86112c0f2386a672796,1
0x06500496820754aec033da65bc48cb8a485fcc84,1
0x000002114fc40119479f31b99c79e315f90ca527,1
0x569bc622b89157cd8f336e96ee4b0468c4fee5aa,1
0x8e5f1a8959236545557d85ac3f68d0fdd8159552,1
0xe4eea6c04362a442890d1dae8e57a60ece8126dd,1
0x71232ead3bec1ac03ecfe2556acd6c7d0bd349c7,1
0x6fb47c08c716dcb8cdf964f0c95bfc2c82206fcb,1
0x1f6b6a4a06ee7fc2f93f4d2620003f377773d513,1
0x06a90b3269e5043482299ffc97d2f13ed00e14db,1
0xa79da05566ea8ffd181c45efd6f484616f6eadef,1
0x0a24f077377f2d555d6dcc7caef68b3568fbac1d,1
0xad261d1933162a43bb9a438583155adc10df37ee,1
0x5c7cf5a5df5ca98e435e66fb0fc04a9ba883a8c4,1
0x8b3d2b7f0e3cd658edd468b13db59090c66b421d,1
0x1143ef4697e8c2b7748ae345b355818e8bbe5a36,1
0x7aef2d7671efb00a7196eb4bbd8ee7a2ba0e5de2,1
0xc0b374f27abccd5f34e30ba437adf10f084a66c4,1
0x508f46a66c0f40b3741581a159ab10adc732bc27,1
0x0259119359bf053ebf42c9807752de6bbb4925f3,1
0x7a7886566a74788a63aec5f6fe0cc56570b5d4a1,1
0xd9532e8f9f82e2e785f5786c72c79c6f34fb9805,1
0x5de9550680e58896686f871fd81ae7d5cb8837fb,1
0x7ab29b393aad63e7119c004bb45eefeaa3e70da5,1
0xf72d580a01163b6012ae7623df7621d75083913f,1
0x6cea24fc1e3785252e280cd8245351fb2d86e308,1
0xe5442041fd024bcc4bdfaa0a28ab941150ef8637,1
0x07b99e42281de5ea004fa955ed9d7f51b7022dbd,1
0x3522fb8d7012d4bfb8b57fb157988d517412d929,1
0x8f54ea0807e9dabd056af981718a95372399b455,1
0xa6dd7bc6f59e8eac2514815be2a84b5902ce5569,1
0x1111a00ded4e8a1858dd44a96c978478dfe9b191,1
0x26bc7daff54a8fe4d385c37d6d56b0400a66aa0e,1
0x28f1c7448530caf2b4afe482bf26fe3d76ebced8,1
0x8097a41ae28a1ae6e333a8defc9d59e35a5f8945,1
0x85df0a08cfa80733b3fe0d929b8a763c9eaa9b92,1
0xbd9c944dcfb31cd24c81ebf1c974d950f44e42b8,1
0x2f1162613b382975095cd8c952e5dc27f9fe357a,1
0x8b66a8340a534870d234530b93e96c686e2e149d,1
0x2c44e0827b6b50f369a7b51970d82cead0754b45,1
0x68bb5a6d14caceab866037b1502565f5bba17506,1
0xc3df38400cc761f95187a4c2a2ef45eec4353e6a,1
0xa75b7833c78eba62f1c5389f811ef3a7364d44de,1
0x08de5e275668dbf7c2f121265257eee8c12b0c6a,1
0x324de1a2b630a318ab474958fb5c7a52463f639a,1
0x3dd48ad861f0b77d1312f9c95a13e52871ca95e0,1
0xb2a5bc0499f78034737529689b51e96e40f4472b,1
0x2c8c87c017f88aad3f25c6c1c63bc44c99d21db1,1
0x70f53670045ec5b0c8e90ebb7006f8c4e578d8cc,1
0x588f79ec1f0f1e8fb5fded80bfdb6a80e12ebc47,1
0xf11a02880107b3975383b2f666f049c6fc02a018,1
0x331c6903851feb0d625afaf4125d75f1a20d00cb,1
0xd2b87d942eddb87f212e67edb424461f6a014f1d,1
0x634118b21fbc1a53b0d7bcc2fcfa2e735a3b0200,1
0x01ab07010c2f4bf5971537669cc19d5d8cf320a0,1
0x52c9a7e7d265a09db125b7369bc7487c589a7604,1
0x51f4fa8844909fc446fabfbd8e58100065713fdf,1
0x6442c72abd1a9d14c303277a8c994fae295b6bcb,1
0xb32fc7b40a89e0547bd16664a57fcfceecbeeeec,1
0x8292841a46390f3a01fa4befea4bdc88e85e42f8,1
0x16ce1b15ed1278921d7cae34bf60a81227cfc295,1
0xf70914ec48a002a2f0167e16d0b924190a1ba073,1
0xb5baffb036576b46f45544174208faa5b7dc1cfb,1
0x7fc65ccc5c9c69080d682e0930849301c7aeb524,1
0x1028aa2eb48258ed8a4ff80ad734f98904c15189,1
0x0481ac68cc3cb70f71c537c9cc14a6ddc29881b1,1
0xfa93c414267f0bb41242ff82fd9a832891f41f1d,1
0xbf8ad9dcaba2936be3fec65d423e2029ba07f35f,1
0x0c3a00e863b818dcbd3b0742a88c6489640d62a5,1
0xb778e5f70b2315c1682b27f322c749c8333eb254,1
0xc53f81dba741cbbca83fe983316f637f86b54285,1
0x6283511fc53c60c0a0a1848ac88ff46b5d2496ea,1
0xa906ecc07c5619b582654510ddfdcf45ce468100,1
0x0087a081a9b430fd8f688c6ac5dd24421bfb060d,1
0xf753b115835aa6bc3cab8a0e07a06441dcd5c137,1
0x45ebc736090424b36106c4a29714b10bb19a5c72,1
0x6d1e240f5ed2e1d567ad0fc0b44a0ddd40b84809,1
0x7e7f6b58cc894c3a65b301944fff1e2146c5c7ae,1
0x6662d263a8a24872fd19c4636b82fe0d602c9116,1
0xbdf3745a384f55233618da5856615089dba50fc3,1
0xcc202930867769a83b61cf5053b65d1845e76aea,1
0x3a7249b510add84a2196fb0fad9d8b745d807286,1
0x6d4553323c45bcfdd087f79f97106b72318cb9b8,1
0x16ff7860bfd31f7855d04e0e63a2b38b59fdeff5,1
0x271adfa12de6894ea3f38e1148aa07d0f21fb9a8,1
0x8320a6fe737fd626cc99e91058a7a3d7fc19751a,1
0x75f7a78bf1e7b9fa7afd9d8f197656a8e79598a1,1
0x1fe9fd1156688699f4ca017e72ee0d9873f9d758,1
0x1e145e9cd3e1e4f91ed9d20890b59d1e8d264bad,1
0x5aeadfb02963a44faea8b9974f5f09b831a41ef5,1
0x03c1f0585bd1ac0f1b53627e601e9a26dd7ec752,1
0xd6b69e6e97f2474065c24a1494b33f8a068f299b,1
0xefb668801d0c257ffebdae1d0060515e6f5a8180,1
0x6a32c7e7391a3e839a6058bb24bb0c091fbb84ce,1
0x6016186cd0a7783800d31c9db9bb25a39844f264,1
0x5d097ebfc47a2fc41b4a3cb16fdd6bc93435fbdd,1
0xd93e1404d732cfea9f7d863c92efe4e408857b7a,1
0xf486d56cce70c481b3455af901fcc4f03fee8107,1
0xefc2b0a568af4d9934b7be3ed198a10e6c608de2,1
0xa82ae2645ba9b1c3f88fbcdbf9164300f001b74a,1
0x4d488285ba529da21c3f103cbe52a73d1d3838a6,1
0x88db7628f124fb389d96421f48d351e06ea30716,1
0x49b3e04e8cb4e08fbb81a2083c094cdcf7bc85cd,1
0x750c31d2290c456fcca1c659b6add80e7a88f881,1
0x0b14307ec91297168cfba36730e4d95618e698c7,1
0x7620bbbe94c1bee5ca11e074d1b3393bad40e5ba,1
0x02d197839712d3b6decb9e913ff820bb2b41d337,1
0x3961b39418d88a1ce6e249b60e0ba168a4c41eed,1
0xe0437191b5c2507a2a2c18b86f4a17f5e2bb4d29,1
0xb7587737c30004d146b86d9808ebea32209dff50,1
0xdc54a3dc8b8a6d143252326d0487b9988c8530bb,1
0xc8ed4aafbe31495bb24173f10bf48a6b1c682cdf,1
0x5cfeb45a15305f2a7b7d1e7be542a179a9c2b201,1
0xf032ef6d2bc2dbaf66371cfec4b1b49f4786a250,1
0xd675beff625ca054deacaf6fb2cbffe13adb87ba,1
0x077fce25226519991894821b2ec60a4bc26ce610,1
0x1b2f066126475d61bb7a24261ac30eab00d84c40,1
0x37ee670e2294a7af28ba34a69aad31f69d308de3,1
0x2252ef7d8dc46c4a5587cf84f38a2c5c955a6e5c,1
0x1db9baffaace4fe4b4dd7b14c7acf3c234cf4dce,1
0xcf6f678ca78fa1bdde53d8059f969ea3ed46314d,1
0x473668e5f99e0e0bfa66c2c979e9cd26761f2f62,1
0x1d3be5692a66257007ae37e25dd89bbd0f92bbb3,1
0xe23cd65ac0253f67aa75666765e3350d14117866,1
0xc17ec9d8e72ab957ac73596846ac87b8c7f80be2,1
0x15cfd653015f4620171a54466672d174d0e74d2a,1
0x0921a087a7a976065ae6f7ebe0a5b7a9f0a55a37,1
0xad7309c8aa755008164bdf5199973fdba2afd98c,1
0x55a5dba003eb7494db6c26c77e21a69e098fcf48,1
0xceacc735c67217101abd0ffb46661c42dec366a8,1
0x0a93f3372087ffec3934da8a0f2fe9961cec5606,1
0x428db4b92b965b425dbdaeff039ff0e04088fc15,1
0x8e2f7d5aaae5abbd5052acb74019b9b11cb74349,1
0x30dddde80843855ea3d7570c11a5c993365e5b20,1
0x30df16cd7d612c5b25beb0331486b127a42ac371,1
0x285fed35cbea271a711681e84ffd83c68a596a75,1
0xcfd8b25767e1f3c44a431b6313325d78d4bf04b6,1
0x4e609a968abeaaf866fde46a400847a9462f5931,1
0x95cebf9eb34c37334c3b882130d64d82f3428c99,1
0x6317ba77af3b202d29e85bdb8600194874648d54,1
0x8c9ec6a671c6819e84fb325604f73e321af0b5e3,1
0x3f5da40e20c96a2e442ef6707cdb21f15efc6723,1
0xe5f09b2fb16414519d90a650f87d0b3813996698,1
0x91ed7a7fd3072885c1ec905c932717df6a8ae2ca,1
0x34ba50a7034e5b1ef1c8a18d8f3bcb74c61c9821,1
0x66a2c7b0d4da7e699f6dd27f89b49ab15b0a51e8,1
0xd847ef886821b4698bde1f8826753202340d967a,1
0xf6ee009faf9303dff817d13472299bfe7c864eee,1
0xfe767cc71b60ba0165d948b0fce096ae050b9224,1
0x49f12aa0c250e9624d37de0f4d715ceffee65469,1
0xf6b6f07862a02c85628b3a9688beae07fea9c863,1
0xff6f6addc6dd39817c8205bf252ca03da08d55ec,1
0x2e9b4499778fd4b19ad1779adda565420e17ee16,1
0x5876d971cbcd2e5c0c763bd23487b51dd09da2d3,1
0x67576ac21bb3a009a7a8a8609f0a22dc64ed644c,1
0x62657e2819e9fb802e2812ce43d3b8180d796943,1
0x80fbe452f82bfd54d013c8fd3a352dd84ec66710,1
0x277c74f45724945b2066f305fcb5a609312390e2,1
0xd0b74bae747a7756644b1f453577449055693a6c,1
0x5c7ca6a93a46ae786d99d91ed423a91d6fa13879,1
0x10e5f36dd743918522f627749b02faa80988d1ed,1
0xdacaa8eab8cfc102d2d8fb6420e205a8c85cb3aa,1
0x406cbfc2d391bed42078138165465128b4e0cb06,1
0x0af613c254718d084c25f3ea8faccee5e664bf24,1
0xcfbd8a757cc7691bf3e3e89d754d082630e7e415,1
0x4ecb0c8ea80b8c42ac18c405e12880304cbd7d70,1
0x61751bc401f4eabe10a238661b4a60ba84910059,1
0x6880b7b56bc72360a57385732c98ee822e116be6,1
0x0d8f628f23455074b6b49ac98dce5f4adbfa5f3d,1
0x83b5654564caee5c8e86a314b4e62330db99ce16,1
0x1fe063d56c4a59409302bddf5324df9de0d25b65,1
0xbfd7ddd26653a7706146895d6e314af42f7b18d5,1
0xa9f078b3b6dd6c04308f19def394b6d5a1b8b732,1
0xc4ea745a21c7cc9e6e7b2384996b6b312db8c7c1,1
0x7aeb07f44e208290676eae75ef94d8f69ba8fb41,1
0xbca4d68be543dcefb1a8bccb519503f9ba3f2026,1
0x24d734a75166e66000c8d7f12a173e41358e3cc1,1
0x7496fd894f546898d49e9a79462c9d803df68394,1
0xbf2d5699de5e15186c26d2a4e2239a5102099b90,1
0x741902764dc3af99f522a9f089b610bff4267b00,1
0x8491ff3ce336616dab451c720de84ae386f3900c,1
0xdbf29832145a9e270f2d50484fe0763e0f3d4b3d,1
0xa1b1a631c0c1dd4899dec7c343ee59ad21867803,1
0x7500a4b73e84f6597474c262e328a45064257e4e,1
0x5a6a52a7bf22813882e988135a7d2be805bb0649,1
0x831429a969928a2780b5c447118f5531c4df06f6,1
0x7a092e4943fd3b045f8a05aec3e56c82e05a173f,1
0xed0c82a6309566abf5b8e21b8b68030eb4ac7cec,1
0xc74b71781ede8f880ec15fc7f4ffb6c7e529a832,1
0xe212c1330a24c4151ca142f8e0da778303ca2b2e,1
0x75487c1db799a5dd6a1cd05193fa85156e0f6a55,1
0xaf8a08ddaedd2378b8075f8b90cee4b066ae0df7,1
0xb836ac212256b0e029d80f3dbd9aee7dcc74b19d,1
0xfeb620b14a9c3683cecb9097802af9c32e51c701,1
0x14ae8100ea85a11bbb36578f83ab1b5c1cfdd61c,1
0x4b5c4c65471e13f96e3fe3c39cbb37b9415cf999,1
0x9b616ac1d31f17be9b23560d93699ca7732e2808,1
0x9b64f526d9fea6ff2ee4bdc58cde1c06fff5cd07,1
0x79ce65b9fa71fc3b2521845eb7282dfdfc9fc7f8,1
0x0c4085d8e714ca77ac5f46cd2b80a92d238a7cd3,1
0x77fb4fa1aba92576942ad34bc47834059b84e693,1
0xcc0f607a0d47733d16e35f3af91b446fbb1b8c89,1
0x7b5e9298a9fb94a8186159be4b7673c340a30e89,1
0x7f18ebee1ca176606ad2758c2fd43d4b5fd708bc,1
0x9966cfe397cea90d81e1e45f35fee4723c2dae6e,1
0xa05d2cc50a1519e3e121a2edb04a323057d66c66,1
0xf38746dc80af641247f4ca11ece611696806d438,1
0x852120f39aa14fd3dcb575f17189c3ae0e0e173b,1
0x83cae5482197803d6dc305d0cc00aca462e7b332,1
0x0e82abffca057ae7db1f4b86ad5e2063138c2b3d,1
0xe92a813f747dc64f52b78c55f5d5ad19b11dfdc0,1
0xb4b04564f56f4795ea4e14d566af78da54a99980,1
0x97372df2013f6dab65d4ce37574f8407e71ecd34,1
0x5071af77f17050477d21350e6dbeac13b5e7928f,1
0xe4c2b855072e120f90044fc09863377508eddce8,1
0x6186ee05e626fcc3ba60acdbf84cd3ee109f00db,1
0x6b582dab4cdce94cb70d832f50a912671d6b9a20,1
0x14d92832265eeafdef9e526356fefc90105966c3,1
0x9623a7dfb605f693c9725278cf78bd2f53f0d407,1
0x77e3630dec288c9a477bc430c44d8507068a63d1,1
0x621f2a5ef987e064e76da1eb378e7193cefc0baa,1
0x1146a21769f81c9f2de05eae4dd117241b17d3c5,1
0x37aa566d8d88b3d4379309681e2dc0ac1b453ecf,1
0x25f5204b6768773665f084e7d06eca3ccd47af5d,1
0xdb704df06a7fa515fe77b30595451346198bc44c,1
0x813888135cfdc67bd68b79aea1d27863dd2b990a,1
0x33e580cee928d83a61b98905a1f9be68ea6279b8,1
0x8cd9f9c08c6a3f891bc570f1d6a3dc91c1f62bb0,1
0xc3bd6cb0ba3214a5d637c3f56ae79224bf8bc4dc,1
0x64baeb02876aa58078aa25c1c43b7a5492873559,1
0x61a9136decd6d5eda63c3fd9adb0358f82031a90,1
0x62d589bcaccaa636827c5e0209468080ff4577b1,1
0xcfe76a690279ba023039bf5ab4917afb6aade49b,1
0x9f615eb8a55d8c23b2b5d38b16bd1c1b0fbc331a,1
0xde055950ccaaf115c8d76b33e6503ee403875ccb,1
0x409ac9c16b2cd569ec06bb9ecef97eefde0e8054,1
0xdc81c0cf551195e54938944a06d2185ed1758cb0,1
0xc720b69172b48e923098210b075c4a692b2fb26c,1
0xdbeb35889fa2677564ed765df2f7920d30078972,1
0x3c57ece6c13aa7946060690abe03a4f7b90c4868,1
0x037eea675c674079e3fe99530a474cf55e533dc0,1
0x8d1963b3cc6e80acc0648a63d0266dd079ffee3e,1
0x193f0ee42a199a0cecd479a9f09ba293eb1ca357,1
0x2dc58f7cb47b5bc558b6b0d80a03a921156ba4fc,1
0x61f3b33ffb5a6504c0709ce4ce4811c973a1325c,1
0xca330b5f6f52051317a7d4f3a90493818d5230eb,1
0x7c56cbc5bf3a448b2a03c39c53b4203b2fc5a145,1
0xca7c767854b1e7305de07247ab85e30543d1d9c9,1
0x3ffcc98c0c0b85987fe3eb8ae825ff12c0d239f1,1
0x5ad25d19638309907e5057b6f4fcf9be899f9eb8,1
0x77fc54677f6cd1c3a669b9c2ff032836af59c5b8,1
0x10b57e68aacade7280a6a46575b63e51e275ce50,1
0x3bc52a196bab833947f47ce24600efa360530698,1
0xe24f1714203518c0972f9e81286e273b445980b5,1
0x32eac51f54c02502415a89c34bd7d1bce345daae,1
0xd00ea6dd0a76acfc989bac535579ed98435ee29c,1
0x2172ce197f56e102f81940a1cdd727247d1030ec,1
0xf8ad2c3f153c1f9587643ba3698a284d32f9cf6e,1
0xf52d4a80b14372e2dbb1192eb9c0a3f4053b9231,1
0xd4717059ecd0eb605a1605cfda8d842e14f4bb3d,1
0x0c5a2c72c009252f0e7312f5a1ab87de02be6fbe,1
0xa335ade338308b8e071cf2c8f3ca5e50f6563c60,1
0xe0c15e9fe90d56472d8a43da5d3ef34ae955583c,1
0xf3b1b6e83be4d55695f1d30ac3d307d9d5ca98ff,1
0x5c50b87a490df4c51f4ca9990145f62c81b9aad6,1
0x7b3383acf28dcf28d26c679e6e47468739a82a7c,1
0x527c0e06c570545070564284b782e7d58a6e6458,1
0xa8b9d92b2d4980a86a2cd31b2e0d059a09a7bcfd,1
0xbbacd7487b871cd34398197a544eafa16e2493cd,1
0x87cb98d421af4cf893ec2df8a13df413611ffad8,1
0x55d2cbe4ee7197d201826ed79a804a46deffaa22,1
0xfeac37ccc4afbc8ae635b510be41d2eac8e171ed,1
0xfcb816643ed55e0258f6fb9ac9c3525e03623ebb,1
0x91496d9d9e4a014981ccf9740908ef527dbe9bf2,1
0x70484215203ccbedb80ffb36016e4e77c78252e3,1
0x6c53bdf34aa69380e92d3b316959ee336f88e1f8,1
0xd5ae28f9387de2ad89d146b4f327c8cd1f2bf5cd,1
0xf2c06f90fb58844c09220e01e3116a2293df6960,1
0x1edf07d711a0cb9269f5683461f9fe3c6d686e4f,1
0x323fb8eee73c078aebbfb4c4c96a96c5a54952b9,1
0x1605f534bf2b74c7ed30e0f187caa2fcb337de3a,1
0x6a94f020eb2b7e73281a7f2d85f757e081f83d33,1
0x0ad6f0bc2300d311bc51cee76899d1f737748cdf,1
0xb98b46c3626f5751d843117522c61e6e41d70331,1
0x9bf3ef3790eaa42ba4462a24a59983fa46249523,1
0xcd8bca20699f891713a99592bc0ccdb957d60957,1
0x049808d5eaa90a2665b9703d2246dded34f1eb73,1
0xd941ae5e27d43f9ad465f3075449478682d67e0a,1
0x92228ffb485fe39e5479837e0697829504527fdf,1
0x4a24fd841e74c28309bca5730b40679e18c5fca0,1
0x94929b218c5bccd9c42ce0b2ac7b1a244b50e786,1
0x7d3447f3d8c21b1adb7359b2e51bbff42ec9a32d,1
0xfdbba0448ade7521d755fcc21e5e46a3f98deb2e,1
0xcbd160fb58398749c5f731e1d08f21dc1d728168,1
0x463414cc81fde41e7809dbf2aae5b0a140f8de5e,1
0x87898b0d8ab25f5034e045d056027647c5494584,1
0xdcf2d4f1169af23eb370a37320eb21e66cad2db6,1
0x9bd2dd01cca620b45b0682f437008ab6ce166772,1
0x6e7d0e10e66df9e6a6d353f822a820b3f2a72c76,1
0x3c2964a374a5b68d2464a9c60b5a1b5f3f0503b7,1
0x718010432cc5c2f7d7730b4922f4e73e95d1d694,1
0x6df5a2df1fc47b82ef8ed0d7cf59a7287231c7cc,1
0x1b312cc76b59a12d3223b26d6dfd72b89b506cae,1
0x0160f156be6f9fa133dedf1a0340bb67ecbc41fb,1
0x7452e7d530078dbd6a2ed65007bea00a4d60f138,1
0xb16655f2262b3217d4b0a9cfc92989006d16941b,1
0xe2b424053b9ebfcedf89ecb8bf2972974e98700c,1
0x8262f26cad7855061a9be91f8a7e1896225fd066,1
0x3e13fd392d3feb075b58f309d84c20698a54c10b,1
0x19973edb91bd3f1acff0d7394fe53815065bbdaa,1
0x4f942119e6ab0a6e4368e795d1d64291a3ff0da4,1
0x1de6eec2c08830bbec7884f1fc6b502521ae2e54,1
0x1786d033d5cbcc235b673e872c7613c2f83da583,1
0x4b7f6bfd248f541eb5474f591d54bc29444946db,1
0x2c3cf96409ae51b021b035fa4ee587393a8f67f0,1
0xf542cc19db89bbc0ab8f856492c69b38575a2807,1
0x0cc53968892952e8e9db306bb6270c4fb093b5b1,1
0x3143c21f07155efebc08362d85ff8bd6428395fe,1
0xcef2b9593a5952f276b2b70eb363ec1b935054b0,1
0xbb50f9cb894f8d35d8f36141b859078a2a8c4e6e,1
0x4dea836ba883f87a4fa941584e73928f3de8ee69,1
0x18ecb1afd1cacedfce0a36e283d3d1a90a7350ff,1
0xd42d80de96225bd842d2df7fddd8e3a9b26a82ca,1
0xe01008e3337cee08d3f6aa8ad25a36012faf2f32,1
0xd82829b0019e885667867d6b7902279d2d604df8,1
0x06864f65c07c3468724d7c770bba695e818f8d71,1
0xe15aa7f7de1f1bb51aed5d7c28bdcb59987f020a,1
0xc88fc1f1136c3ac5fac38b90f64c11fe8e704962,1
0x0a0a20cd66c43e7d788a341e8bbfca89cb47b0f0,1
0x2a6ca22b088dae1aa7eed2e2be9c232f2426a423,1
0x545d84d77465fda17799166626d0689a1e052df1,1
0xfe5e2e83e966865d61bacd8dfc10ac73db222640,1
0x33b670487eb6942a6964e730660aae1a25b23ce3,1
0x444478ff49a4a113868b75c48f51b6bd717dfcaf,1
0xf4d3e81a37d7c5c8d102ecd1d5e12827803a4963,1
0x0722692deb9c7b0b910c75e7d07c25a0ce920fe2,1
0x60446978dfbd2aa78172fce6482829df4a70378e,1
0xe9da6f508586a1002a78c815ed418dc07e0fd480,1
0xb972588020a28a9df58e4b3025c436c5264bdfa6,1
0x6a61857928149cb7cd2ad29251902787bcf9c3b0,1
0x74ea811a58916e6da0461612f5d74bdd48f60e2f,1
0x7ee0b99831e07d67b1f4ee689b2feefa530183d7,1
0x854f1269b659a727a2268ab86ff77cfb30bfb358,1
0xd9cfab54f1234aeea22b2818ab919866a2809c1c,1
0xe83fd845b33c2dc7b63b7d4d3624f96424af6a04,1
0xefd9ba2e337c7046297284f4a9358a2aee5990bd,1
0x1162a2e340c3b6b845e2993ee6807ac67ff4230c,1
0xd16f427b9ceb5969b8e0a9a32a2e2b9d3848c7b7,1
0x3ec6732676db7996c1b34e64b0503f941025cb63,1
0x4f571f8db2beda04f34094e6d59f95bc4a3395b5,1
0xf78a149be085ff02bc5de35578d52055a47a619e,1
0x4352cde451eda47bd2397c3591d13257589659e3,1
0x78a18ddecda44f7d298d9b37512ed8a7f6b226c7,1
0xb73af3aa784a3667f5edb7061ea0dc0a466bf201,1
0x897a7f6af47881c62d7ca7e3dc5bd8a1341ad8ae,1
0x9eacab1795b8e33ff4cc741555ebeef720e0248e,1
0x7f54e1848dc935f3ab7d96eac8d447d3b999413e,1
0x50d2dec635c48f5e8cede341df87c651c6cd5318,1
0xa482e8539858639bb99fe962e343e33132378486,1
0xd4a6347790d17ed4a950c0b01369af02c79f227c,1
0x2f6f4cc896f751270f39b41f5e54dc668a84f0f6,1
0x520768717f317893e749b363399f51bc8a092cfc,1
0xb199ea67d5352674bb3a432b5e669b8cae21ffc8,1
0xc69ae428f6049e78d445f053d2c1df879c59b34c,1
0xff157c9a4cd63c8c0c4d40d068a8091bf55c687b,1
0xf968a5de2019de1f0a8f53758dd137ae5c9efbc9,1
0xcaa089a2a37f950a91e2072e5692f56d28657fcd,1
0x604591fceb9dfd8aed673d96c71027744934c238,1
0xe7c8a1ad9caf5708556ea779d27252828bfac5fb,1
0x4900d8590380d73604d2f0c53eb6bb013032c6da,1
0xf4e402fb6178e66f7630f2e8f14fcf9ff86327e1,1
0x7d8fe788ed6a843f7525b8f16d087be1edab67dc,1
0x0cf7dcddf516759975fb6aca0fb70db1dfa2e165,1
0xb1275e42f8620a07ca2196fc153fedf764b6b673,1
0x5f37ac0693156fd24c7a39b01c1556e05ff081a6,1
0xfcd45b1fdfc7da94f87ea14681de2e26c2ce5840,1
0x4bf66e52f3009cd138e48f142d47661037160001,1
0x71c7656ec7ab88b098defb751b7401b5f6d8976f,1
0xba28fa757146d2087d835e3450a29732ba471d05,1
0x5ae2df478fa450223dc64eb3de88945bc04e4203,1
0xe7449d1590d8f91bf9d79f845627ea3bec840483,1
0x670e9bf3aa6a024249d0bac4a608eba05c21fbd4,1
0x9ebd10b46b43351097cab2d3c03ccf440957a2a9,1
0x725def5c58a7be89a5c9673f992e23921708ee6d,1
0x0bb31c6278d58cff41b7e8ed3b20f76424fd69ad,1
0xf054632b59fefcd68f949c1445ca5362b13511be,1
0x097c39e5e576a8706404cd0d81e05b522f5bcaff,1
0x63ca8086f2e974f25c7d8f80bf8ece4100c6cfbd,1
0x9af4d9d1d47419be75de41b7fcd08ec96f239e6b,1
0x9b296614f16847944510f0e1cb05265040c2be29,1
0x520304321fa982f1ecd8df55c30c3066753927fe,1
0x5bf94136af40fce25de77ed59782a7483fd0dc3b,1
0xa8294268c0cefd597f3d4ca9ec96bc58e947336f,1
0xbcb4c8386c097589e7825aaeb9e7c6295835f1d6,1
0x70344d6fc00467c13a58742766431d7477bea028,1
0x6c320a427a22012486722cf8e8b504ac1c0f3b2a,1
0xd3928c1ccc5406d83fdee4ac6277dedfa723d3c4,1
0x432dcbda06e8b296ca29705572d7cb6315ed8bed,1
0xd72708e95577f80056fd6a44ec30d644b5a86486,1
0x00c0798c0df1e87069417e76b8ca4fa089d051f1,1
0x99259430ce64f2718a5c5ea1ed5e2e5cf673b100,1
0x49093dd406abfa8413b97b11f6dfbdc57134ab58,1
0x3e247331b5e8da06cda48da76974c385d34239aa,1
0xff504b0f481eecd15a5edd1bffbf4e491913f728,1
0xa1909f656e11086902c23ce4bc2ee1b4950adaee,1
0x45e2357728369e03c0b2cd542a80ff394b3cc832,1
0x487b4705d624b1ecbdc490fa0d645b7421e7c8a4,1
0x228c1334fc57eb6e02ecc448e749a041124321c1,1
0xa014d8765456df70c82dc55c9a45e351ebcd2829,1
0xb68400809601797f8a80ddff5c1a8cff70dbd752,1
0xb6bb67d341e5d56063ee0d7d526a83f18b912f5b,1
0x5e27a2447b4f19064f0014d3de3bb0777f7b84c9,1
0x006fcaab1b6c0442f13a7e973c2313e75c30c95b,1
0x7e3b9e461d1ccd4d0ec4cf09fc1de9d6d4e335ac,1
0x29c101239acbb1dc884e8563520d4eee13893a91,1
0x3dac271d1b36a434880c527a678b6487ac9c1f8c,1
0xe1eed6403808b058d00a040046b7b188df8fac6d,1
0xcd19d500f99796ad464130406287c20e8bf8e4ad,1
0x0345fa5dc69c9ca90a441215e2fa8a0b36469286,1
0xb9b7db94d57fe25907620eaae42b9780176cceea,1
0xe04903ea0da52680520903dadc84f5adbef35e9f,1
0xd799f16d365bd525e0cb0ed625c499b220b70ca8,1
0x1bfcc34dadaa1154bb5f6dc2b7923f3b5cc256f7,1
0xdae8c7af7930047561bd7357908080531a6efe3f,1
0x31140ab2d10ba2162726bba322d88f923a9a96a7,1
0xf70a270c3b7a3454b046268271330715f715c684,1
0x336c82e4f54e1a6a3adb1fb115c9a6ef3a2b2b11,1
0x65ed78c554fc4e43f7e211b2aae62ecf7d1ab99b,1
0xcefbed655dec0c7e184b6ef8a613328adac841f0,1
0x0dd51ec7db167b34bf4380cc1476d85b5e32109d,1
0x91408396ca5def6f9812f769c975c93bc8d762cf,1
0x80f70b68e8742f4caefd541b086902ee8d556495,1
0x726cdc837384a7deb8bbea64beba2e7b4d7346c0,1
0x2bfe66759f0331066f3e7d57b3dc9a96bfc17927,1
0x91d5ee18c018f716f7155b77c3ef8026b52be873,1
0x9e562067824f9cf9ee64d7109e9f737c7f9937a9,1
0xfb4a5ae508dc15e2e1172bae69fb8ad18cc81d73,1
0x921f80499a00ac6e95aae0daa411d338f41d5da2,1
0x36b4ff2a2c79545353f0888090a68a1b79202ea9,1
0x89a010ea2619bc94ccd14e14addd069cd80f6767,1
0xc42705a210f082ff29e6beac80f56c41f0a54091,1
0x6a121112d0adc380be81b3f3aa4cdcd7cdaeffe4,1
0xca4ad39f872e89ef23eabd5716363fc22513e147,1
0xaa1f4d20d2a26d3464e39ee22870c407ce9e969e,1
0x548efce69bb82a16f3911a86a65384327c99c3ab,1
0x8574c1dc186cbe21cf4417c5f98a40ed459ac819,1
0x98e9db4feafc72d177c77aed8ee97f4df71ea681,1
0x9b3f49a186670194f625199b822fcbdfd3feacf7,1
0x6dc4cd14ac30eb653a751c9f8ad14575d36e27a3,1
0x433679d1909b6f79ed1782ab97b9072245d242a6,1
0x7a856cfc6af18ec71a626ab9a087bac1d7df1911,1
0x8f6da831710a8d30de1111aaf28c697aaf5056dd,1
0xd4867061a4fefb0b7cc82aeb5d78e931e69515bc,1
0xbbcbc8bba8e8ac9db79c99c5bfe30c062e16e1da,1
0x4cd6b970f42b41ee58c2e4b7ab99863d5ae52a23,1
0x09b43a8fdadddade8e75c18a20a6fc0dbe4a1f68,1
0x3a52f03f678bf051834110090e9c9dba0ccb7e1b,1
0xbbe846566f2172adc9c0bcdccf8d280ad60dfa67,1
0x82073f802547feeec0fd49719a3d7697fb66076a,1
0x2a243f91ff748dbdcf3e4a8b02eb874e96844e94,1
0xa20b6a3b2428661e55de6a8e47cab34dc079935a,1
0x7b6441b66ceee223ee1b52402199f0ecd6d500cd,1
0x2ad5e873b17c87c57f64de56cbb16714d3bd72af,1
0xa07d75aacefd11b425af7181958f0f85c312f143,1
0xb65afaa2c59fd94f00d667f651b5d0c800ab99b6,1
0x9a14e7045bf7dcfe6b0002d72ec1674b5ccc50e6,1
0x2bb33f3219d8f9c3917662fe7f2f96e727a3e851,1
0xf9ae06309ca551cdb2fb72831efa2d4fe67cec87,1
0x6e5622807dbc21c1ccef93d8a8d0ad50ea5050db,1
0xe112d465bab72a75c0fbdcc866110ea494a0dd55,1
0x444111cd376893afcd7405239ce72b64d5a22958,1
0x8ca8d2cbc07edf6512cada0d2573c8f4802a1989,1
0xf67e69c363771abf7319c4995acbc99f90e32d61,1
0xc8d46eb7881975f9ae15216feeba2ff58e55803c,1
0x6f2c254674e6439fa8b85abe29d8fd13bf5d6d7b,1
0x34bf52a78c19e1a4f7d6ddfc76665a45a87236c6,1
0x609b0b38a741472f237ac68b3d57574bfac62d42,1
0x0fda32b8144e206c78b6baa3d6826ae8574ec263,1
0xf68600d9e1365837163929fd725732ac1c2a5b95,1
0xc527cd7b021d85b13dd11389a02166489a23d0e6,1
0x327b9dee1830f8201efa751fd96f7b1ad0b300a1,1
0xca0126c447baf369f96a763edf125955bdeec0fe,1
0x2655a14770b9c5f04346475d3b2f1f9220ac55bb,1
0xdb810e46c0ef5a0b9b8510b46f5edf44713e1dd4,1
0x20ec8fe549cd5978bccc184efaee20027ed0c154,1
0xff930baba40e59262912ae9ca862b622b29bff41,1
0x9aec956f40bba8c6467afd3aefccead44aca513a,1
0x028ef25704dec7ac8f8920d8c8fcfccc70f0ade1,1
0x42fb915d37f3a4ea92c29f217a74465a1f331b83,1
0x394a1ed95e7f67f678bff14e19f75ba7cd31bc84,1
0x39e856863e5f6f0654a0b87b12bc921da23d06bb,1
0x576ce7cfe17d850366deb87481062d91d73f2c11,1
0x527d1c66917c91acfaff873524f98249dedeaf8f,1
0x43befc4d62bb6cf213a2e9e0236211266fd15d66,1
0x5f64980b7a1fe9a227073dd81b028dbf1d4b537d,1
0x63ded17a92468166638128740f44ff4ece5409f6,1
0x5d623f4442dece88e8aa7c47ff99d190a14763aa,1
0xa19789f57d0e0225a82eeff0fecb9f3776f276a3,1
0x668b1a719fe8719c6e26b83e4abffca4948a1e48,1
0x35642de97d6376dd55240ffd35fafd2619515e54,1
0x5be876ed0a9655133226be302ca6f5503e3da569,1
0x00444797ba158a7bdb8302e72da98dcbccef0fbc,1
0xedf7b675a2fe3c27efb263fb4c204a3f0fb17d46,1
0x9ecd3f09f4c6d9cf04728fc9de4feed87dfa4683,1
0x0a1a4cdcacf16af7514717e115a3798f88acbbf8,1
0x87003967cf7cd4f82e6ae19d189cf4c283259663,1
0xbd1f7d88c76a86c60d41bddd4819fae404e7151e,1
0x7cfe81ae8f253ef9ef7341b1c79311a8756c7c5f,1
0xb3fe0e7be7aa7e793c0d67af4a720f00983eafe5,1
0x8a50ca7777fdc9114722e14bf50a7e0a8cbd7b38,1
0x8a83716acd66d9e1fb18c9b79540b72e04f80ac0,1
0xddf543429e415a262e7617d76196621cb8375d20,1
0xeda38655a88bcd58b2da7a4ffa702fb3c725c4ce,1
0xe762f5d21e08b1e84e721b31a32535f74f48d024,1
0x72d43efdceac4150620e849337cc2728aad3a3d5,1
0x3147a0d966b90190e693d1acc6eb876c86da4ad9,1
0xc33e3272d29d0cd5a7371a3114080ffdc333e892,1
0xc7ffaceff64194d632bcdcd7ce226f5e8c89a9a9,1
0x9e5652761927b33f1e59a13275230bf10084c891,1
0x15d32cc2a0a6ae8406ce0298f4b203cc51706070,1
0x63a556c75443b176b5a4078e929e38beb37a1ff2,1
0x020e02889ebb5a0878de1d5b127a7a950690e568,1
0xec6de3caddd950a0947fd4896abe0b7f4058e88a,1
0x94b1c5026638d9f2e5dbebc5619db81e5ac44ee1,1
0xe6dd04dafabc8502195dd14cbb7fc61599e8a823,1
0x83195709c4dda9dac7d343b378c9cc17bb6344f9,1
0x57140269c527d7ebccd2a9766eb8c7fd18e0bc2f,1
0xea6fc817816e59a9ccddd58bcd9b9be8ffe28629,1
0x8faaec0b32b6dd0dd608ac0a906eb11ca9f34d6f,1
0x3186e4e6a988fb0ac66acaf80fcb3516c8fc0dc7,1
0x7ad349837cc647b344aab3caeb298f7c3d68abad,1
0x9b2ca0b27415ab8ffa9d7ff2065c9bde53462f46,1
0xb98b88a09998b596648f41a4a27d0237eda58ba6,1
0xf8de7c5c20f5322d83f62eb18924e15d07b3bf51,1
0x8e31ac5303114f6d4f779a7e5eea6eb7709308c2,1
0x590ef336b0617900bd61201cc34c3cceecd20381,1
0x2bd703b6ef4599f6e0d0af0fbfcc8c24d46efb78,1
0x835d18b633532a15f188f896dea31685761eb672,1
0x93f1d0f5d872274c43fd64119af62dbf680f4b99,1
0x4cb571bc36c18dc3d5503da8838d6213d8fd0975,1
0xa7888f85bd76deef3bd03d4dbcf57765a49883b3,1
0x08bf62cdac411373a0217f4320769e54f55aab5c,1
0x14e56cf9e6257475f9b6310adc98865fc24d6504,1
0x3c5aac016ef2f178e8699d6208796a2d67557fe2,1
0x444441e930f1335cb1c50702e0dbdd3b6e1e70b3,1
0xbd50fd4ff0ee12d4634d6504e054d35fafa3bdc1,1
0x2b27e5d64b88508b43a3f051ad1cee399ea8deaf,1
0x186f8b7e03b1e0a6ee1cc814fed6d68f7571ffc5,1
0x8f70b3ac45a6896532fb90b992d5b7827ba88d3c,1
0xbe803e4501ee87c0cb47f3687794515a3b7abe9f,1
0xf01b0ddebd3c22125ac691489a856d7e562ba534,1
0xb9630191de192d1db1435310542a3bd5ec203f1a,1
0xa451648507b65a0d2990a1c6436f7e442a1cdc58,1
0xe6cf807e4b2a640dfe03ff06fa6ab32c334c7df4,1
0xfe6bc0f11013642c983e3691a272cb71374f774a,1
0x4743ed9e06fe530798654e27db3508fa14683671,1
0x502b69542619449a77a981521aa930fe5af654ba,1
0x84ab28ce27a387ff7c356775b464102d9281ddea,1
0x20786f71bb42f2029d6ec3917a8e6772dcfc3569,1
0x386f7e4d32322c41bc616159fc7cf467d08e9645,1
0x396f0e55fa33513441d556f84a6ea5c6fd7d217b,1
0x68a296155d77cdc4b9b646f18ba5e9236284d4a3,1
0x37f7ff1864f5d5cba2b63592656049f2d7d06fb4,1
0x6c3c301bb3af46c86205844c7ad9ef8bd6593baf,1
0x75f9804edac97ead7f2e26977ced2d818ed7fbdb,1
0x766469d9469b2f0b2dfc7a930216b48e7c2daa61,1
0x518bfa4dc55f7cc3acc706e2886c24a2f1f93314,1
0x2458f163c231beaa673c903894060430cca101be,1
0x61524303810f8bdd61aef58af39355aa353dedd2,1
0xedc63f732d61df2556fd3ae84f911a84ac64b4ba,1
0xe0b2a5594266585558d3a88cb3299e721524641e,1
0x32cbd4cb8147ae61401626caebcf193166ca057f,1
0xd35fc346e15ba5b446917c9fd23a9471d6144701,1
0x4f4c0446b8027745cb3c3c4b240df693bb0401d2,1
0x4dcfc6e74667faf03fcbb3351979a87f9b025c04,1
0xc15e147d52b89c705a954128572286cdab3b2639,1
0xac46dac5c58bf33a216a0b756bfb9b3d86407f97,1
0xff0613779201d09ec7f31f2fff5238d3998244e7,1
0x2ba3c1c9a01685c7b4aa947f40d09e6ca0391f25,1
0x045d3e2131d82b3a39634f7e558d792ef2ab179a,1
0x0b13f13c0e99f24b96a835b787d1347b33d87776,1
0xb46ac18f8fc29c552450e1ba67272e8dfc828fd1,1
0x543b556c1b16804d2a39f054f06df4cecf2f167e,1
0xa67816526a592e20dacc5e2625b5366c108acba7,1
0x6e89216b6d5c8fbed5cdb21b7838b801b9a9ca52,1
0x5b43f59f17ea9f95cb60b88b3909118b55784ac8,1
0x97d34c151214875fa2c42e6a7d54ff8e967fa208,1
0x5a746ebe45528593bc3dc29eece96777bc30f397,1
0x42ca45b785d87b8375dff176555c745b27d69da5,1
0xefae15afe1d7d54e61d30ce5add8adf1c73c7ecf,1
0xf84975c731e88bd46c7017887b66c8e62efce9a3,1
0xf42a339f93c1fa4c5d9ace33db308a504e7b0bde,1
0xf89e388d02635f2a9b8ab567618940829bd9af07,1
0xc7a9262a09836733db0f45ea7347adbcbf4e8a94,1
0x8b600c7ef1d97225860a7996b63c5b8b116182d5,1
0x8abc16e919c61d5863b34f920dfb4dc4a97bf036,1
0x46cd90445349e64f895c403c23839e79eb4065e4,1
0x17cf6db98b05a0329c983f3a3b45d37d9cf1de86,1
0x6dccedac5da6c5fa8cbd7e05e1cf24d9d08c52aa,1
0x8612a3992e513c1d306999d6baa7b36f747058df,1
0xdc18e1f94eb8ca06455216bdbb1f6b64c1081881,1
0x504c11bdbe6e29b46e23e9a15d9c8d2e2e795709,1
0x8dea9139b0e84d5cc2933072f5ba43c2b043f6db,1
0xca3467e0683eb009a3f8bb8d4f9af040684b9763,1
0x96b0fb0af5ed4489e2fe4720e4077c166b3a57cc,1
0xa9bd4d1f04f8f3c10f6c8acd75475c4c3e5dad03,1
0x652d9f1dc6032eaa806351b6c2a9337c2dc5b245,1
0xd75305c70257b1a78641ff42e0ea15b10054de0a,1
0x32e49dda638696b15ea3199dbc7441d18431be46,1
0xf092d90f3880527699134f82ba467c66136208bd,1
0x554b2770223d7cb3aa32b4454b7079b7eca3c2ff,1
0x97b90fbc8904f861f76cb06bfa0a465b72c5e662,1
0x561ca44c612ae18842f02c1741feabbb715d39b1,1
0xbaa32387bd55553ec806622d524b12bbb8242a19,1
0xbbd5bebac63a25e11a959730f472eb9572813a5d,1
0xe160a7499d4079a91c0bb718059ddecc31ae078d,1
0xa5a9acda1067fb0ecd015036eae2dd2ce69e591d,1
0xb85b8da96b9153ab94fa0a17439e01cb729bf539,1
0xe920ba2d30e812fcb02004b0253ebe168c623c66,1
0xf77f62c7f08c213eab81f32894fa328e05ccd26f,1
0x0b6f60605cfade51afc47e9e488e3262728bd3db,1
0x6972d4de1e02e844970f0a734a7f88b706fc8968,1
0xff6c41b361a253c6a40fb14a244dee450928e137,1
0x6a41ba4a699cd3b120d7ba55be7f905469f00d22,1
0x512fce9b07ce64590849115ee6b32fd40ec0f5f3,1
0x9ebb363dac2b2b944ddad5864b6de9645ebfa84e,1
0x2ececf5a33d038694133bbf3a22aeafbc96d4b04,1
0x641932eccd1fa318c0195954a29e0d76373aac9e,1
0x5b26072557266cb4191089e7cc339583811afe46,1
0x477ed32dba1d62c5be558010f067007c436bbd4f,1
0x786f7da0e3b75ca98709556a1efe9820b4a301d2,1
0x11067596ff981c6a0722628ab9c4d70cacc12bc4,1
0xa5f55fd5869e3a5ef0595f39bc13048b24e24fd3,1
0xea6a9fc10cea61405543bd010e8511ef17ab6a2c,1
0x01c58e66a5498625d6984d1fb72c736ac853c7ba,1
0x9d8dfe1d7cd6f1785aec71e34be7780ddcb4e0c6,1
0x636bf582087e3d52e9790dfc9e86f1a1565cf96f,1
0x14ff0bc9417b6796f79768729002a793b51205b8,1
0x91609451b6a5775608787f3da9501104935d3b25,1
0x45fbae76f1081df48e90e056d693f3bd4b91d90f,1
0x1e96682fadd54a2ff49d8e906da4d04ea119fe99,1
0x1356fc911032ae6efa4905177cfff028ae063ad7,1
0xb74e5e06f50fa9e4ef645efdad9d996d33cc2d9d,1
0xd4b4c17815328ecc633261e11c7441e85555f6ac,1
0xce76da4871063e42d8b7320b9a65dd1181c14b12,1
0xb7a593ec62dc447eef23ea0e0b4d5144ac75abc5,1
0x59b94039429754530807772d2995b6a6c1ab685f,1
0x2d576d5f4c985c3627c03d05475f778dda9fa4e8,1
0x5b042e04ad18537d02fa0d6e0acce115cde53a13,1
0x86a1d85aa48343527d659a5682102d585a4b6fef,1
0xb38497d82fb6bf10fecfaed705de8e786c0c494b,1
0xfea04b2b2a3480658291199c7d14916151e3464d,1
0xb48757412c17282f5262a033130a7e5929531c15,1
0x606f73acca2a45e1514690ed03540eda217277ea,1
0xb12d314ef27f7e7b928c9d6c715acfe7613d18ac,1
0x8802784d4ef3819d9dfbb195bc571d771b31b342,1
0x4127143a866bf5d8ad2afb6de8e63164b8ad5bf6,1
0x3ddc75311637b1eba20e5633025b02316b8c0f93,1
0x08e9eb6fa297c5d9c19aa72b0ab692582471186a,1
0xf1c7acb5443ca99a5afee1c55c4ce0e6cd9d6312,1
0x5ded7e314c16170fad098e2b671a8cbff3005179,1
0xaee33d473c68f9b4946020d79021416ff0587005,1
0xf92d1489e4ca27d7a9b69549be698616dfa7ac3c,1
0x988a06d33ce5e38a25c392c7323aa4778d8a8260,1
0x9b3d56aa1a52a0a39f2494573ccfe059fbe97f2a,1
0x5e425eb7487968aa0a8e946f81b0bfb54bd04f5e,1
0x23605990a938cebf695c41f83628e02d92e4b27e,1
0x489ca42521f4b6803f493973085ffe4796416a7b,1
0xc0d35857e87f5ade6055714706fb4dfd96de087e,1
0x878689a1107f9064b2b7cfbc09bfb604d159309f,1
0x16ec2aea80863c1fb4e13440778d0c9967fc51cb,1
0x9ab8a288d7acad2820f201b81ccd5398a3982c0f,1
0x6165fd87c1bc73a4c44b23934e9136fd92df5b01,1
0x49be89682318bc5b79fcf33c51ee2bc518fba992,1
0x3280a6c6ad240061721045981d575812b2bfdf81,1
0x7e72500397dc243673e709cd7130de1f1efb456f,1
0x2fc51af93e9d60eac777cd2e09cb88c67b99ddb3,1
0x51c7f7ff7a7816ffe65f99739576cab58fad7e63,1
0xf7a8331336d43ead6fd72faa942c2a1c644baad3,1
0xec6fa687ebc1025a24a70b7c5bf9a2b6772f3ba1,1
0x398118e249f7c2a36ca1ebdb71212ec870465cc9,1
0x1ca40244739dfd77efc7534b5b5ca39b37fe26fe,1
0x0029abdbea9a58b665fb490c6505eb391318927a,1
0x7a0dff2a955b72159650300a9acef97146dd12e6,1
0x01a65849819a8a826c2de8ea5151f5294a0ac66f,1
0x5e46884a77e0ac5f3126e30720bd5218814dc5e2,1
0x2b1828aa2fe6c34a9d527d6da76474c6ea72e816,1
0x2a7a36211d306cec6cdad19c48840b5b9f9423e6,1
0x6f1821a5fa09c0d1c833ba714f4adae3c8a8edd9,1
0xc22d10c8b659e32d86627711faf7d83bab95b01d,1
0xfa04f1afbc146bd6e5ee29dec9cac8a669ea4d80,1
0xec734bb679b136d38c4348cb7acafea5ea749718,1
0x794a15f93ced01f1b0be5b184344f0b811851bc0,1
0xf7d449280542666e941cf45c6eb9ecd4fa784221,1
0xafd680fb78648298d13422da8eb29199e72368ec,1
0x0097495da85482ad44275b640dc9b95d0a462128,1
0x8b187ea19c93091a4d6b426b71871648182b5fac,1
0x1eb322c016815ee5b29c071586c1b75be5934576,1
0x99eb33756a2eaa32f5964a747722c4b59e6af351,1
0x2416665568f872d2d85970e8ac7e14b7be63d239,1
0xa1a18c3558365c098ad1306075d8ac9b9ab78219,1
0x06da20ff018e3dc3cfa9ea16f687bf3b22668914,1
0x89d394418ee349d26aef5d0a3b9e3378f0cca16d,1
0xc2d54a45386de917e6f21a450d0e71f899f19a11,1
0xaab2670ec34a393f4f13c63469068a82a1210d64,1
0x0f6b9a3d613b052cb17012ba760b40f6d39cc6f0,1
0x851eee2adf3b40c15b100dedbade93dbebe84219,1
0x55ec183dba87a23e0a21b5138fc868f1d1732bd7,1
0x1ba12981833ec62721208f5e66f4201521f47339,1
0x10e3085127c9bd92ab325f8d1f65cdcec2436149,1
0x494baa3479b7f4e72036e2f9c042dfa94bbc72df,1
0x8696e7ee078ccbba7838ca43ba6b05465fbd15fd,1
0xbb70ed5b739b980891e84ca67d135eef612a0edb,1
0x852ee519d3cd3a55bf16b9b500f04dea598a1772,1
0xcb945057901fc1c17ecce4a4eec760057c6a28a2,1
0x9d744ab141d8a166142332c06031c9349a5ad8d8,1
0x0417926c1504f17892cff3b0d0feeda89c711fce,1
0x484c211ae86e22e4201cefa8fc2fd9f343dae192,1
0x5e52ab2d84ee8144a18552a453d7b9c2d3c8c36d,1
0xad8cf42977fbb3503bd8f3ee69e98bd28ac03af2,1
0xe44562485a1261540dd8165d4f89d89688bebe54,1
0x5ec5e26d5304ef62310b5bc46a150d15e144e122,1
0x6221b8772e58e7b114d7b8e4ee400bfa8bf57986,1
0x878cca1f123fd9702e8fdf78ed6ee35a44fb6085,1
0x24f7c853031915511c3c6093cf0ccfb4697e7f53,1
0xd273485bdedeb856083dde9a8b293aa556cf8178,1
0xa03c655f85f3cb01ba7124118bc57d60eaa4e2fd,1
0xc47a1978fbde5f1a453196da88e471d0cad3d6c4,1
0x04df8d02f912d34fef12a1b0488ee56fd6f7416c,1
0x52def6c112bffc66fc8c8258539d4d8c30c5000c,1
0xb6fd3bffdce3d4107f46349afe9024f92f424cc8,1
0xa334d9bb907240fe01fa4a1d8baeec4cc0a75747,1
0xb5e28de7fe51003cc8aac574ae65793c657d6904,1
0xcf75ecd3afa095b0a4a8ab48cc2d2d427d317cc9,1
0xeb7ae8bab37041c958bca6b13a3a499d1859f8b4,1
0x5ba17875ea5f3baa8e9a06aaf973ba7c21994c40,1
0x20f9e5a17b00350f1eaf9ad18bc5be0d54c0bc3f,1
0x76fb1a0ebd7da4e1db53d147c7dfe8eb0c9164f6,1
0xf6200d691f33e5fdc3d23559e3e05c76c7a8fc63,1
0x1302c202ef727fd656cb6356ef6e8b3aab64aa58,1
0xf5d90ac6747cb3352f05bf61f48b991aceae28eb,1
0x42edc9e6a511bcc25503e1eff7ca77b635fb39ba,1
0x5f9edcd84b3e45c0a0226d0a31722462dd42f54c,1
0x70b7da07a9a3ad75a203a18de9def3c58c3702f2,1
0x3bb0fe1d19e1f10a457cd3d26cd0db78dfdd677e,1
0x9a8e8fe802802965b7b149502bce085b46e75111,1
0x93f263bda652e5061386284a7d3b6ea0cdd27852,1
0x5e7285b0ccb11b3ed72ada91bec281d1eae4e28b,1
0xe29999070368edebcb170647d6bfde11b32767a8,1
0x296e0c21db4061ebf971e55d5db85011e7ff9797,1
0x36803eef72a2b2c7d815b4e74b75fb5cc850e349,1
0xbfd06c3482785230387481b0c7d53b7dd216a651,1
0xe64d330cc8654520815aa3ce90613d89b855e3a0,1
0x2c7121dcbd8e2288cd3e181d2c3b2477527c3e81,1
0xbdeac5624eca938b103d5f6af62321d8a118e7d6,1
0xf3c0c3c4783a4cf59da6b6875fef1468c3543d00,1
0xdfb61d3d107b9e0c7204ff2ceefb7e1942ee074a,1
0x69d235d4bb1fc571ea1b3985fa4e631b255252b9,1
0x191458d229eafe1e246e4c28d346fcb10acb12a3,1
0x468c2dac680f0600bf8c86b6a8bbffc81f82f159,1
0x400abc3dae98ec5aeef2681b40d4ced0a5aff934,1
0xf32746f07df8e1f928f1c6e6736b29b21fe58da7,1
0x610c92c70eb55dfeafe8970513d13771da79f2e0,1
0xb42573ddb86b68429c8f791ed0f2b79d2ca95588,1
0xd30f2888e7928b52ea5bf4cb1d323e0531afe272,1
0x2e21f5d32841cf8c7da805185a041400bf15f21a,1
0x9981bc6076392e59c9f02a4ef8a2cf69a43f2ec0,1
0x89688542873276cd7d9cea936b25f37778a593fd,1
0x04ddf96a61c4c44731f04df4e963f61cfe3c9c6d,1
0xd560a1af32e96caca8cbccef2b64efaa13fbfcb0,1
0xe99ccf02e3a3671ce4e3c176ca10a17c7c0dd2ce,1
0xc1f3ebe56fe3a32adac585e7379882cf0e5a6d87,1
0x52c2d554d17d0f56a43e6f4f2e64fdc92979a749,1
0x1606edc2f5e0d8e112df69ec314e707e13dfca78,1
0x1297ca257efeec6f07d44951e8d7aa8aba10e73c,1
0x5473d829512703192906376d5fe1f4399fec781a,1
0x459e03ecbe6078f9981765b8e7dd2106c4e369da,1
0x8fac31ee0133e0ae9100431ab523700a31082c91,1
0x095a7d540d17c93d942279e2748dab681d58bcf2,1
0x81dbb716aa13869323974a1766120d0854188e3e,1
0xe5e1e9c58db4ecab40fd46d7ac3578b74c1d0921,1
0xf71fc92e2949ccf6a5fd369a0b402ba80bc61e02,1
0xc81082690edc8cde6d83a7549aa6a74534305372,1
0xda13576fb27301ae4b701866c3a83cc9daff5ddb,1
0x222e1884fb4a382118d6c0222c8f78f678eacacf,1
0xbf5453ad9457dd0941be5f7cb083cf37d1d7775b,1
0x91212de083d29342f670fb69ffa68176369e3b20,1
0xdce4a7509752f11ba67483b7e45df2d868b71f2b,1
0xdc913455ffa5c095dbd58957829d34e41eccfe7f,1
0x0c343408fbee92bc86a0ba2b53950e93260b4647,1
0x3b0b9cc12f8b25b0de21880087735ec8e2324acc,1
0x75b9b236801b273003beb57f823b434ae49f1be8,1
0x0ca5a04835a805676f1221bd2edb052195e6f90b,1
0x860154a63f5064da3e4ebad5baa2f37b848e057e,1
0x1bba756587e4d3c9273030a81d142bd960d141bc,1
0xfb7238a230de49e96d2a880ba984dfa1e2523f85,1
0x7705e47bd6eb6dc5a11aa1839639f3dc6e1a6eaf,1
0x14aeca1919466dd8210d129e29a6e74cf95fdde1,1
0x35a214b13c9e223b8d511f343ac8fa94293233a1,1
0x456b939c025361cb1749e0038763be4b578c7fa0,1
0x1f427a6fcdb95a7393c58552093e10a932890fa8,1
0x13ebd3443fa5575f0eb173e323d8419f7452cfb1,1
0x3ce82c9485d903836a732bf383b5f51d8b2e6140,1
0xf5b4635f3858a2bc80a17bd4450e05a35ad99a72,1
0x71b3be57e127360c92815772f0af2eb7b8c5c921,1
0x722e895a12d2a11be99ed69dbc1fedbb9f3cd8fe,1
0x681cbae1c41e5eec8411dd8e009fa71f81d03f7f,1
0xbac547d9e0e09397985ad1cde51801dc50dc4600,1
0xd74fdfd5f6234372ecc93c5867217c8670c01eef,1
0xeb5c8892e6591be5462e8ff06e5a023735f24104,1
0xea23c259b637f72d80697d4a4d1302df9f64530b,1
0xfa4b3317810ca213ce47d2c882e3c0f89ea3b409,1
0x50a7fa1b39eec9043de18e07703d2c857cdc25f1,1
0x527e836e394c0ef0f2a54aef491a86358d2acd70,1
0xc42b8048764ca138ac55d04a1e1791e937589194,1
0x76936c74b4e359bc43ca8c39e74a0a74de5c9eb8,1
0xcafc736d3dce097d8038feb54ffa00b179099dc3,1
0xa0bb4ffe1eb36c14a7c90a9558cf381755e8dc1e,1
0x0fbece585fdbd5a8d4fb546350e26e543fe39419,1