0x9340d7cabb81e95a8cac60e997e97543d2371add,225
0x45c50638ff0a4a072fee62e583834fbbce468c12,30
0xb933aee47c438f22de0747d57fc239fe37878dd1,20
0x57eadd1811affbd06c03787caa973e626c090c62,8
0xd710c2521be45de2d38e39a59f0c4300196ce5ea,6
0x68de1e5e1dd5093a8ef495b56432179d8ed609ef,6
0x4e521c48ad5db406507b6eb5d010a224dc2e71d6,5
0x5c37b0a48000e991572c0e055096dbcd88e90802,5
0xc9706f1ddd4d3e2a9f851da80ecce27577724e44,5
0x813804d2d0820a6d8139946229bb840591baeb47,5
0x4b71defc95e00cb5ef9892eed91bf3209eba8ca1,4
0xed169526211a78daab9b72d2cf4af56709153fb7,4
0xef218cb373743770f7096baad714b6a979bee2ed,4
0x19213f85107ba87f06ad10894163160bd8642955,4
0xf0ae4f60a4dc379ae25371a34b4b699dee8d530f,4
0xc62184ac04a0610147bd890ba32d1918b67e017c,3
0xf90d28704c0d943525c303f2be8d5102dae22420,3
0xe7487a038d39dbc7081ec44fa51b2cb8936c241f,3
0x8f8282bfc24833d4dfb0d5e3d916a31fd962ac6d,3
0x9e7222675aea47d5f99be220565629dff18ed53f,3
0xb4a957fedc75650d027a83ed992fac013c52dce7,3
0x6058f8e21d7d736b574e80c2b57e73fdf360bae0,3
0x508fd5a0beb97129855a2814a63d9573d7fb62f9,3
0x5a8ef2cc1a07b28391e6028cc0d0c907da425107,3
0xe715db8ffe482abb39a4594294d1632f35db77e8,2
0x540615ace7036247dc4c4b221384e09ad0229d1f,2
0xec85b265c130abbc0d7342fbc3585d5e0611b7e3,2
0xf23cd4c0cffc6cebd92c189b961b51bef93bd5f1,2
0x711c4e098f17dbe652505c6a2cfcd402f421ea0f,2
0xfb53cc84f5187c2f386e9895476b3decf33d4982,2
0x685157e0624b779db621c407041814d1763ec007,2
0xa90734f464b4582dd310304d89b8db17f05bd1f3,2
0xbea5cd37d9877678a26fbabfac1a18387704a791,2
0xed0dc2424ceefae3517089ede74e5ba79d4e87f5,2
0x91212de083d29342f670fb69ffa68176369e3b20,2
0x050c879cc1b520ed4fc2bc7f4a4e5a74829a12b5,2
0xbfd733f1502da77b3b249257e52deaa897543824,2
0x822e811756be053c1a38134f6086d0bbc22bbe99,2
0x650f6e0e9dd0f8070d58176c7ae34a84f433ff32,2
0x67a16655c1c46f8822726e989751817c49f29054,2
0x499a7fcf0d72d8d16c4df3df62dfdf07c09f6802,2
0x65fe89a480bdb998f4116daf2a9360632554092c,2
0xac749ef37797f963acc59146e1d2f4015e97dc79,2
0xb2998c14deaf771852a163f6dda7c73684eb75c7,2
0x4f49c34759b7e888ce77de9dd34fec63d63495cc,2
0xc512a2df09b4b22ed44c1bb3fad60643ba9e2643,2
0xdc6ce98a9020905973c9c026c6f3e34df9998d8a,2
0x8cb125291135928f8d4c9b173924da9f1d53365e,2
0xb1ea5a3e5ea7fa1834d48058ecda26d8c59e8251,2
0x7957e4959a88bb9767c1db24800ef07b974a7e04,2
0xcf2b7c6bc98bfe0d6138a25a3b6162b51f75e05d,2
0xd68f8b8e3009354482c7a57014b39335de71c0b0,2
0xbdfa4f4492dd7b7cf211209c4791af8d52bf5c50,2
0xdd579276b560f11757e7443d6d54982bfbda7aaa,2
0x92fde24b25e7d0dd83abea05bf925e47044d649e,2
0xdd37d30f4f71ea88eb67e8bd5dbe831d288ff8fc,2
0xef00e3f40103f1ea02745a56147cc7f0caa957bf,2
0xcd1420e9d1b628dd11cb143e1e63aaf1414f0c10,2
0x4591ae3b12b1701b4747fcb4c109b6872671138b,2
0x8bd4728e9bd4dbc74511f6240e3a9c0a5199e412,2
0x9a4daf26ee26b34412f7cffec27e4f0e2df9fa3a,2
0xb0af9e6c8620d5031ee998eaffa7d64f6031cd5c,2
0x71a15ac12ee91bf7c83d08506f3a3588143898b5,2
0xc010c2233f6a9c27c916d5f8087804bf0dfdd4fd,2
0x153117a62492a604723d415cc28d45ed0a514b71,2
0xf601c32b01acba505b139330029694bede296951,2
0x272fcde0475981d2ae5fa60ff23df30c4602b2af,2
0x3154b23a71612903b64e64558be7c362ee9e127b,2
0x81f7c3796f4b024b6700a0134a1c509acf920324,2
0xa9bbc7693b47116220b3d5d0cdf85fa2c801be3d,2
0x3e541de9da4dcc73c7cfd225d4da6f232d758393,2
0x3a98334c073ffd824ecb24d793a216ecdf7ae8df,2
0x411a95ffb193071356a4be0c7cb6326087b48449,2
0x40db8365d1252bcb06598927698238a99d39228e,1
0x8332c9c551e658fc172b55fb6093346f157b99b1,1
0x7601e2afc46d6031d154d508bfc781b11a6d1bdf,1
0x82073f802547feeec0fd49719a3d7697fb66076a,1
0x68d36dcbdd7bbf206e27134f28103abe7cf972df,1
0x98dc06b6809984a490e3c8a8a3e262ae6ed16be9,1
0x34d7bceaa2b3cfb1de368baa703683edc666d3f1,1
0x2cd4d7d73a89a48d74e62188266a91093c345047,1
0x0215300b86c8e2903988c3ddff104d12985ba36d,1
0xa6cde2c2521a33935b2adf881ecbbed39df3d809,1
0xfa4d3cd41555d3a0fafd4a97e9ba91882a2f4755,1
0xa18eede48e8b908726255cdc78aea3b9f368f0e5,1
0x17c2d875cb397d813eae817dafd25807e348df07,1
0x4e8ada817b9d0469191f2ab00722e189cd0cf717,1
0x386b4ba873a4f423ca28a4df1b2347ca949ced0e,1
0x4a8e021b68eb17444e49476f53e094961778aa60,1
0xd71530de416fd7ea8cfe502e9e40cb7ce3501d4c,1
0xe909aa35042504e9c93a0be5d955989ef0cc0b45,1
0x9d8d2e81de43b9ca715f0566d29cd8bc60f6bfa3,1
0xdd959e5e55bf6a37aba441bf86e2a0e5394cff32,1
0xd1b856ee12bd00922cae8dd86ab068f8c0f95224,1
0xa59920a0df5c4eb2ba3f22d864714a9a29f9a8bc,1
0x6127cb39ac8e6066c469ace0edcc3506feaabf94,1
0xcde3725b25d6d9bc78cf0941cc15fd9710c764b9,1
0x55aeff15b1f37c5d180f3350a56cc9cd6a6a6602,1
0x17a314918b89cb54016baf51f562029f7f5c3f6b,1
0xf29eb1bcc4b778e4b44904e575753c5c492c4d11,1
0x5f8e8c2d947645439a5f6e9d50b6de7cffb0ae02,1
0x3bbfe9ff4af794e074b2729b865a11981128e4ad,1
0x9f36a6bb398118bdcd5b1bc3343d8feb6d7d02b9,1
0x2d4d49e9eb287b906b3d987ce8b598b230f68923,1
0x25f84b52a93f71bb64fdf8427bfd389cc389283f,1
0x1f2b0633bb0623dccebe57932d6731ae93f5213e,1
0x162a9669c0e162d9ef545efe37f70b010f4bed77,1
0x000f4432a40560bbff1b581a8b7aded8dab80026,1
0x5d2bfeccfe443174b042b6eff228a17169fae4a1,1
0x70bc078f68116b0639e2a76db9fe5a7b659f0742,1
0x461bb1c0c23c0ae24805c4097bc5b64593dd2a59,1
0x327b9dee1830f8201efa751fd96f7b1ad0b300a1,1
0x99691c3dd05cb037f180e7500f16c9c0a21116cb,1
0xd77900479ef30963f4b5aa7d752b15795192ee15,1
0x11ebee2bf244325b5559f0f583722d35659ddce8,1
0xa7cbe59f4f6a39ace67defe064a1ccf4d3588d4c,1
0x776bb13249f51d75251f37c88f150edd296802c8,1
0x8c702a9a6e0cd14a53251c630743c4f5327edde8,1
0xe7d1405c20a23a8e8f9f1bd572d1320c479233ee,1
0x292b78a5ad6214971c0ec79cb9d7eb3cf20957fb,1
0x5e014aa0649102e07c074f498845f01bcd520317,1
0x0e1b5ab67af1c99f8c7ebc71f41f75d4d6211e53,1
0x133a96d31aa4f97e32dddcd168087512e06ad2c8,1
0x0d9073ec6a7bfae4e8194d5b117c1d256d88e940,1
0xed32da4b236f0e394af5db56271be321e4b6d5d1,1
0xe7c8712fc60b20693046c71e5012801eaafc7217,1
0x2e7a5982c2d017bf4adba51c2fa873db079fb151,1
0x380336041fed6d3de0c0a1f5079668760cd64779,1
0xbbc122437aba8906d4f4bb85204e767c23c49365,1
0x436bdb55b92625b947c7371b16322a63cc986679,1
0xee4db7c0c2648cd9171d4217a1ae036d0cae0e75,1
0x1a3891e332be1180fa521e68a67d2677543a2cff,1
0x633a11df4d5c1a8da2e86d3db80d24f546768257,1
0xcf10a8e7c907144cc87721ac1fd7ac75a8aebec7,1
0x37fb6c069edb551b68b0f8ffd053b51e335a938b,1
0x475545d483e132218a72273268654c3960c1f28c,1
0xc8016a6f942275199c686d496f94838e49bce0ea,1
0xc8e9ba58ec507c6e3d05a06c74436a9693152308,1
0x2820b5cce90e2ee7abb17e097c71b330155c29cf,1
0xdeba0e5653f6966b5411e57e44109eb5834927da,1
0xe2452591fedc3fb27c8c923ab05fd5fd4b69bf54,1
0xd452bc2c1eb24dbb63813d027f9de912b5422eee,1
0xb203df26af3666f4214661f7f903c46edf9403b0,1
0x9bd215c2530df574657510b2f991d5c326df7c50,1
0x371ea1e8fcb52083a2a6ee8bb44bb5540939fb82,1
0x68be7d3cbe8da0b2567904dbccf706e91c5be61c,1
0x2289d80e6d9cdff1bf7a2223c74958d507daac8c,1
0x7bb97ab045dd6ba0387ada21a0911068032cc5a3,1
0x782f42213bd516dd3085d48d9dbc08b21dade35e,1
0x0e0e34094e42f47fe25da3cc1b441faf15f8551a,1
0xfee069692c5a48ede946900ad8ddc13e76ca2f3f,1
0x1eac5345e9f0dd3a581823adae2bba3bc189dd23,1
0x016c8780e5ccb32e5caa342a926794ce64d9c364,1
0x66ed3f0dc9e3678315d3232f3be7d9390a0904e6,1
0x10ccd4136471c7c266a9fc4569622989fb4cab99,1
0x8d6b0141a5980831be34557b7d50de74ee66097d,1
0x6ea874f79724963bdaef8654a8be0bd599fac8e7,1
0xb71042f39b75a48689d461fa7307fb22baa67d6f,1
0x8135d8ccd2acbe575ebf1827349185df7185cf97,1
0xb8f0cadfafdc1336e829dadab1c50d126d04a246,1
0xd63578c3c48b3ffec41d8f1e38650f92a65e85b5,1
0x750c31d2290c456fcca1c659b6add80e7a88f881,1
0x045038d82b5c27b5c992994cd4129aa80fd1a20c,1
0x0438464529e0765dc05a035ac2f9cdbe8dc6e660,1
0xbc488a070d9eb24706f5b45a7c235e5d13994de5,1
0xb3313b023e68cda95d7b625200e1b0fe6335a0c2,1
0xca8dbfe5658a22c07f210213b49d0cc17b70b91b,1
0x0e825bdb3b545c662a2ab6756afe7341ed0fabc7,1
0x2102d45226355191ef2759fb50db66194376271e,1
0xfeb4fa5e965f505469422427f236fa6006afedd9,1
0x0138f039a593f365466fdb23486868da7be044b2,1
0x3cc4455cbad94636ce3d30ec65494056e6a6dc4c,1
0x1420bddee23e28a2fab3d91b716dcfbfc2165ff9,1
0x6ff60e1cf749ae639fbe124ddbc2178c4c988203,1
0x1b35fcb58f5e1e2a42ff8e66ddf5646966abf08c,1
0x0d95589874409ec85c1b3e0a384d2d3c291f9769,1
0xa2e7002e0ffc42e4228292d67c13a81fdd191870,1
0x51154898dead79656f366819fd96eeee8b89f97c,1
0xf59c213f54aaae2133061207fa975b4052ccfa1e,1
0x3e85ec9f9e5c6df974a8be4e2616a7d5fbca166f,1
0x8ab1760889f26cbbf33a75fd2cf1696bfccdc9e6,1
0x1c25421e70966a81c7e4d0bf1e65da92bcfa8125,1
0x7543a019485120de06ad60db19fbd06dd50312cb,1
0xaa1e667c28ca123c50957387346958dfff31c640,1
0x79651bdc80c1685a9d2dd3c383634d688578a4d3,1
0x83c9440dc34da00c47a0d4dc2b598d7bdb1b53f7,1
0x6d1adcfd648ce1bec262ee54cea57cbfcc964361,1
0x48071ba74b0505cf988eb827ad3d0693ef2deb2e,1
0xfcb5a922877683128cc8b52cd7883cab12d21229,1
0xa4c623295bd8a9e9860fe2ec209da2cbc6343e65,1
0x4b4cfa3b9be5cb91ffdb08e05536544e410e0322,1
0xded86db976fc9ae590b75d52b53212f586a45db2,1
0xb73dcc0e08dbecc057b57d18ac9cd3e52d3e1ca0,1
0x4b009c851fcfed1e6fb81cb4693540425e643e61,1
0xfde76d38dbbea54251ea4107ea547a75a0b98f3d,1
0x1fb9580e0b19956b90351c825ae7819f1ee0257b,1
0x1ae054e93f24dbd62a07703c7cc54e1146a1a9f7,1
0x841ad0abab2d33520ca236a2f5d8b038addc12ba,1
0x1653ff6cd12628ae47fced55f65082fe4390e605,1
0xdf974829f6d977370b21e065ae445390cb9d010c,1
0xc2a290c79053a1a4723956f197eb72cb5ab479c1,1
0x2421134c8e8278ad199f6886ae70c5c373da3b48,1
0x2f1e4b9644a9ee9ec5a786d8aa8e900ad2085058,1
0xe6dd04dafabc8502195dd14cbb7fc61599e8a823,1
0x3ff1b3341cded6e04e3cd818d6990f3c5266bc18,1
0x8f804dec80028cb5bbc5537762b27629a4ab6c94,1
0x1a64ed145a3cfab3aa3d08721d520b4fd6cf2ce2,1
0xbf35c9171bf124e755d25f589ca92f2d021a3d3a,1
0xfa2212ec08e7561149f467203068c10681139f0d,1
0x41ad32c2fbd091dd2d4a51a4d7d85a5cab49d610,1
0xa216d0bf21499b6e01e8c2b1dd56b7c4f1cb48b7,1
0x6ef3f0ff397c3de367c6ca2cc3e6b6955e7993a5,1
0x94ae11a67abe03dff9e8d5d191f896b1a24fc53e,1
0x292f3ec949fffe6089f912302bb613f572d87c5f,1
0x81ba93b26bce8ca5d649b6607df15e6d45462d8f,1
0xb22d22f9d74b78f425edcdd670ad7ce7f9aa0151,1
0xcabd7845e4e51069e87a62d0a29064782134124c,1
0xb29601eb52a052042fb6c68c69a442bd0ae90082,1
0x911bb65a13af3f83cd0b60bf113b644b53d7e438,1
0x85e381a545b959c13002e5eb28fbdf3841687ec0,1
0xfa270de8c80d37aff947e75968f97f3abcb39fb0,1
0x43b7ea3ebcdd8133be85bee435b06a3a2db6cbcc,1
0x7140f494dad1113b99a25cfd7d31635a1dca5a8b,1
0x92e835927c1e4596c69b91ba435c7661500d6050,1
0x502f07431c5b36b5b26edb0a5834a4692f04c096,1
0xf14fd2ef0f4e9bedce7fd8abf3213ecd2da37cd6,1
0x0db1f475e841948777eaaa6519efeb6e4d01648c,1
0x3bb5284c01fc08d315499e5b506bf785df60f8a8,1
0x47b694c7d82acc34975061aa983e17e5564d75b9,1
0x60f6f2c583396d10c3e1d852278cc292d0b10edb,1
0x0dda0546e979df7ae347e4514b0987cb76ea3219,1
0x21bf63c0418d4f1d13f884c50498b2259b321b43,1
0xcdc8fe1b780cf806b462324beb5e08f3d013eaf4,1
0x3bbbcbc1c0b584f61ed746096e7b67c6bc2dac93,1
0x0be55326919f08af4d14a42aafb3b68f95738355,1
0x0951ff0835302929d6c0162b3d2495a85e38ec3a,1
0xbd1187af7b213694b6abf2ed86666066faedb168,1
0xffef11fee24e68fde6f4d78888d1fdb633615108,1
0xa7f4e43e5693451589cecbb5e769efb0a26b6497,1
0xf9a3bb070c1f9b3186a547ded991bed04a289c5b,1
0xaa1b01270a5bf5b981bf07a28c9def8d39625997,1
0x644be8a25be30a21e2dffeae4fc43937fbcf3efd,1
0x8f73be66ca8c79382f72139be03746343bf5faa0,1
0x012e414b3043e5de1714cc0a03fa6e0125efd80e,1
0x1adc09fa9a173a13dc5b4e0f85d1edf7a8c10f50,1
0x4612f6997ffd8a81e0e4cfc8cdb62796d86cb082,1
0x08c9573a3a9235b712237747a88989dcb24d4a34,1
0x227b6008ae04718aa821e57d04d8337799cdfdb2,1
0x6d754bc9215fd95dd68598cfcee6136ebf540a2c,1
0x49cabddc7cb7958460fc5f7f8e948c59e59c8ba7,1
0x682a8bbc3398c7a22ae0e7876017352ccdc55841,1
0x81a885afdfe26ec6cb1f349644a4c0c1818bcef3,1
0x0d81e1fe8af3fb98275da094c55e536966fb9976,1
0x4a5da2a1d3258df8ffb431cf0110fe9b98adeebf,1
0x6d6e719448c7316f0146c70c080812e1424f6255,1
0xe3cf9be65fe3e9786e5e85f29f72499190fb3ee5,1
0xed06079b23de039d01c01d7e295fc119d1d9d497,1
0x33ce1310e0e95bdb74fe3ba755231b0fe1849105,1
0x42f7c5275ac4372156027d939843c9c42523df2e,1
0xf3284a18b5baafcffe6e0635f5452f7f5a2a7da4,1
0x5a8a9e57f197778a7e36e26e4f1bce94eb1f95fc,1
0xbd5286676e584053563122228679e65a34f2b616,1
0xb85d8aeaeea0668ad3918e45d421e45c37f81736,1
0x79d4f8e3511eb6ca27bf754cb1e75a7227e3aca1,1
0x502c51364bf3234cabb5ec018e698bb7e88e2d37,1
0x3461551e8a9d68314fdd43eb81f98044da4a1461,1
0x7d4588c83df708008e5c3f3ece3682e266ff1cc1,1
0xb8e1f0f1e0aab629ec07ae9e4fa680b58732c643,1
0x2b5b64df5e31a31d2e48de94b15c2093bc4cc09c,1
0xbdd677f06bddd79820bf7980a6b6fe9310f68749,1
0xf230aa03b9ada2da105cc938479b78b27df44e7c,1
0x0998160bdf3ff6d86a4e9d5c31e0efc3ca7e7d01,1
0x5ab2490bc3eaf556af29db220fe9bcc3ff580fc0,1
0x860b3630a3534f707d1dc7b98757bbec8446d736,1
0x85906409921f4eeb864b5529e8121322a621e4bc,1
0xaa1a8f3426196e6eceec6c8b90c013745bb3f320,1
0x5227d948effd4696eea9e6560fa1ae2c697d198a,1
0xf9c09aebc29cfbbfbdab702aaa93a57306d01155,1
0x80794d82b2746bcb8ba277aaeaa7b11bb9026a82,1
0xdb6428c5fa405b9ba438bba5c1c2c4f099684004,1
0x91c2a30747663ad058a045e8e29c076bdad15288,1
0x28205f12acb18b59558c0a545dcd252a2bee11dc,1
0x09475262c6a1ffbedd480d2a15f35f978aaaac38,1
0xeae03eb54eb26b38057544895e834af42fc46a69,1
0x8587695d972925c4aaac304c629458005accc672,1
0x8de7bb14218d4e1bf210a6eca81b0b8d9e82a0e4,1
0x2808edd543813fcf418de85bb42eedf3b39ba72c,1
0x65fdaa0eb1d6753305e5812fdabf157069e2668d,1
0x587ad812e612a6151373cb06801cb32acb746101,1
0xb6e8b596d027da3c33d9c15eaf0522ef303ed508,1
0x7453713a2539a9e9e25849eb8ed94c13e9e7138a,1
0x1958e5d7477ed777390e7034a9cc9719632838c3,1
0xe5508496e06583da360670ce4aa4024a01e9861b,1
0xcfadf643fc9a9d978451b135e6e6c62b28fb6545,1
0xe4036aca909cd049f9a7b7333961e1c1db7fb35c,1
0x11f17b26e6ad2d31dd5bba3c0ab94ee899d2141d,1
0xaf7fc773b91230d9f9e4d9ecbc32b67f011063cb,1
0xc6c86e890a7a1f0bb0d5ba2888207f2b6f72fae5,1
0x75bbc04fa183dd0ac75857a0400f93f766748f01,1
0xca949bc917ff93bea259d1751a1af1908c69d969,1
0x5d47cbe853602cbb2491c3f3fd44bceeacc8ec4e,1
0x6b9dfc960299166df15ab8a85f054c69e2be2353,1
0xa7615cd307f323172331865181dc8b80a2834324,1
0xc5dfbcf2461c0edc8d0f98d8b0ed9b9fc8b86af9,1
0x2fc617e933a52713247ce25730f6695920b3befe,1
0x77c8513894fbe0ab0319efe7b3a9a2d97227ee6d,1
0xf4db2ca23405e827132115565fb826fea07780fe,1
0xf84b9e57628da8a8167c0f84c266f70ec0863510,1
0x2a7b0bbbd047bbce2ad481da95963ad21d5f0189,1
0x1f69682b30fb2679bdbc442a5ab9dc3887fa3999,1
0xf4b0556b9b6f53e00a1fdd2b0478ce841991d8fa,1
0x0a4de625aa7624dd72cb09a41a6e52fce1993310,1
0x365d622b778234c5add193580d9099facfcf5ca7,1
0xe4eabd0975ef433d2d7bcf1e767fb30c1c882e87,1
0xbf5beeffb60c9be21681254f2581ead4375c1a30,1
0x502cd474181e980bdaa17a02c485f7b56441e04b,1
0x6ac62b6d6988da0206c409d6b9d74f4f4e3d09a4,1
0x22e8c43b574df674c6082ceb3f415c4f7e1ced45,1
0xb9bc87e399e371100f83ffc51ed44c13daf576ce,1
0xf0430a335d5877600cad974fce3fb7bcc4a18ab1,1
0xf3eab2365c8689d7d429e9cf03c78b29f07907b1,1
0xa1e5710c3b19f26dfead980885f773a676409f73,1
0xb77a4017cd15b86709e991e151b5f052b2195ddc,1
0x2b59fd03d176afc335fa6d4fbcdf5cf48a6844fb,1
0x1b70a0f478fd5cec1649105a2a9d5f5f3b808792,1
0x01c7b3b2be439441e3cc8644b64b664d5e4e997f,1
0x6960d1fa290f0a60896d23fc3b533a9b0de03644,1
0xca9ba74ee20917211ef646ac51accc287f27538b,1
0x2ce59e0bcce2181c10cc51c91f0d2deb0d713892,1
0x8ebed0ff2b0232b0aedbfe6e9c0f72ac72577869,1
0x886cf30e5f7c6f69ef1be1173a53a6dd04e76966,1
0xecc303839a2f0fd988d4883d3861f9f90cfeefb5,1
0x218f2fd0b94d83056563f5bb658a4cf3e814cb70,1
0x7afc7f83b1ea7b96c480c3a70d7313ad5c89bca7,1
0x2b4fe9191c1d10e2502c0ccc56366365b88cff68,1
0xc05ed8f3adbc1007d9d8debc21a721aa951fad50,1
0xaf98bb4bced00a17ffe020499c342cfc3511fb10,1
0x3b5087712d9f88d15a564e12ae56dd3b5a89ac6d,1
0x72f0e25299179b19277bee076a18841bbf428902,1
0xfda462548ce04282f4b6d6619823a7c64fdc0185,1
0x8c42138c925d1049ec6b29f1ecf817b1628e54ba,1
0xe929776f25bb9b8045b8dfb935946735d9d298ec,1
0xc7f405c061b8daf1246a522291439383c83d0095,1
0x7aeb07f44e208290676eae75ef94d8f69ba8fb41,1
0x8775a0489bd87c40cd40807b6a9eed145ab84e03,1
0x277ba29263bb09658bbc973ce6c8f63019901e5d,1
0x004b5427e5cda44eee0e4e94dfa97885c4799fad,1
0x3e6c23cdaa52b1b6621dbb30c367d16ace21f760,1
0xbcb1da639c56200aa4125a285ebc1dc60bdef56b,1
0x46e3afb8e79d35bc83ad41a84443dd8e26bb5d33,1
0x45bbe6bc674f5e2ebfca0b49e0b8da4008dcbb62,1
0x4acea8cffbcc6902a38915090af4b588494a42e2,1
0x009d13e9bec94bf16791098ce4e5c168d27a9f07,1
0xbe67de0c3f7650b958aabdfff3bbd8d55d5c2ccd,1
0xe7d8f0e9fc87cf1adce42bbc47d1c0ec1f8c40d3,1
0xf68d2bfcecd7895bba05a7451dd09a1749026454,1
0x1f4fd7f98275d44a48e1ddfb184aa125dc8aa9ae,1
0x3c7f20fad6d86a3f8b725ee4a79489341f0fb20f,1
0x14975c09612b8b46dc70dc2ea59e0b56708f53be,1
0xa4a7cb9683b25d42272e1268bc468e8ddcc507a5,1
0x3fb6aa8373e9fa02a7902109d6b2f2b758efb16b,1
0xa705d44c66fccdca2fce8c69e8087a76e009fdf2,1
0xb4fa536cb310c389dce6759bf6017f7371a06295,1
0x6912a141ad1566f5da7515f522bb756a5a9e85e9,1
0x2b888954421b424c5d3d9ce9bb67c9bd47537d12,1
0x513aedace44cc9a0724ca276a8ceeee950903576,1
0xe7589a9435e27bf1443ebb279083f044c054e9fe,1
0xe93981d7f78325aa98c5c62b96c95bb8b40bf440,1
0x6d5ad600c04a536f1f602315507239b20fcbad63,1
0xc24aa3f2337c99d1bfdfe928231c4cc2e176396a,1
0x2903cac54d1778fcb86f220ae6cfe8c47d82cb3f,1
0xe17ae1176c98bd1dd7560c19874e18df3ad0dbd5,1
0x5a31654b9b35ceff9a8e6ad15a7c23d25d70cee1,1
0x6398f2612e98c39de1bd54f5e55019e2a6f981ff,1
0x6d95392544846c0cd6ccec0342f24534d84393e7,1
0xcbe2cf71514c1c2abf3b9d049a8d71b9e7fc9afc,1
0xf4a96d0025717b37252dce516e33541eadcf1e70,1
0x70d2b01734bfbd59c69b03fe3848b67a14e19afe,1
0x791437cc4fa77c534b8b55d0cc6f06c9cab5ebb5,1
0xc696d02b563e0363d6fdaea33f5aebe79d106888,1
0xcff7303b8e08403438c751bf21c04771252fa413,1
0x54c375c481f95ba43e2cecd6ef30631f55518f57,1
0x2e59389c9473c143ea8af0bd6bbf9ff302b4d5eb,1
0xcbfcf3a805e97e100f78b18aec09a6a6b1a77aef,1
0xa5a9c813bedcaf42ff0c9de778e453f1423e88e2,1
0xd392e5d8c94bf025a0848ee82d58f947833049d2,1
0xd86b11c0725042c977ef837430442ce2d607fa7f,1
0xc40d51f6259ea2a2c1015313ed0c9b0cfa899338,1
0x4026b3da349c2952255ca9db4f055ea57f4e037c,1
0xfe8268974363ee1c73a7f1d5873b086128bbf2c1,1
0xc10898eda672fdfc4ac0228bb1da9b2bf54c768f,1
0x000149026f7deb08734a6c7e66c026c445acac98,1
0xc8e0345596d7196941e61d3ab607e57fe61f85e7,1
0x76bff813d08b2de9175908fbaf32f5d58bba19df,1
0x4b9c8d00357b1cbe532fe671481ec2aacc71b03d,1
0x5a1b8d6a57445deced8f816310fdb0aa6367cf10,1
0x784fa0c3c12aee8f571ef3c91408cb2219b431dc,1
0xdb0739f086ee023467cda3eddd07a63321aac71a,1
0x17d60e33385700247741d8a0c2db0d4ac28130d7,1
0xab90c36261d661e10c2c204139455ed53d589c44,1
0xafb50e978276e07d3ae3fcc7a96a8b05c5650e22,1
0xba743394ca6c38886c066e45bb9980a09aec7a65,1
0xde436279e90eb43d817098f2d95ba376e69716da,1
0x79e3b45f7d022c91bbd81c135489e1bfb08d6b15,1
0x29a99f7fe080f72223dad48d5e1e86670a984326,1
0xf4844a06d4f995c4c03195afcb5aa59dcbb5b4fc,1
0xb674f3fd5f43464db0448a57529eaf37f04ccea5,1
0xf92aae42cb0d6635840ae3ad825283089ac78c67,1
0x40b9136318d9dd0ec7cfb94688ceb5a2691040ed,1
0xe88b76994f85f05212b08063bdb27621ffccc185,1
0xa98862a73b69946f8dad60bf6db9aabe86480377,1
0x019192c6ea261614e45c0cc2d62be15b6b8b09a4,1
0x7246a274656e797fab4b02eb1e0581d46f0358e2,1
0xfce39787e6787650b39c7b254adf31b6223e2b27,1
0x2a13650f10046a23c102b118d0e653b2d6aacee0,1
0xb9581d8311cc3b9e677af6b0c55f1b93b69ad6f6,1
0xd9ba07eed354a96c033b5d5b710e3e172622e5d2,1
0xcc5223840393364ff5c73d5dce457e9c33522b94,1
0xd93939c5cd996c56349d32c62671e15621bada2b,1
0xa2d35e418814a8b6367c66a5ac2fec8ea16332b2,1
0x9b7b2b4f7a391b6f14a81221ae0920a9735b67fb,1
0x31331ec182777b3e3cf127f4709a8aaa8f76e549,1
0x4b479f5e351181689e8abfea3544a365c54c1ff7,1
0x38661118653e8bf61d50aa517742154bafe4b493,1
0xb0b2b405c9d09d129e9f9b18c9dd218c532f2b2a,1
0xff4f584166ad206c99d2eb2b48bfe3cbbbe0eb34,1
0xefe5f63faa12ae6547384ad888ef262f533b6569,1
0x139e58dfb7a87a4f535a4e1fae1c4a64325349bb,1
0x98f8193394791fa8a34237f8216d236405acbf4c,1
0x02a16c6bfd4631415822112b268fc0f9422ab701,1
0x547d7ef04c005a44a3cc89109d2cc78c85679586,1
0x0cb13df434a487d6c95750b508503db105ccb058,1
0x60dd456273cbb018c2222621d4c2dc5016e870d3,1
0x380d8bb77377f2971d0cec281f7b3f2a98fe3a46,1
0x55d82b654b71bd2dd2ff8975361379922f0e9b68,1
0x979820fc3b8cfe9b1e319cab6de97e1c8505d67b,1
0x34416ad926510ed75743dfcb8ddad1a15ab40012,1
0x76dd4534360dbb4a8e536408c4ab6e0c6949c751,1
0xed0b1a131be880ec49633a80c6df05162fa53518,1
0xe2e512473d10f39a0d8ab8054f81914eb85d3dcc,1
0x0920e18aadbd494a03c9934b0352a5652e049247,1
0xca65fd88c2d0b4a012f38c6677f45bbc4186acf5,1
0xd2e88c7a043abe00ead21dff6643896cbf4c17c0,1
0x14d92832265eeafdef9e526356fefc90105966c3,1
0x0bebe2165de412e7925ab8352e36f3b0493dd3b9,1
0xee16bd78011347ee3437484d20288fc76ed5992f,1
0xbe352ac02cf704d1fdf8b830b5033ce3d308072e,1
0x300b4a16304f453d226745eca7500d5f12ff9a07,1
0x2aad3f39b7b178b1845fb36c1f34668c9c403757,1
0xae207cb91e62d6b3375c40a69f6a1da6a8c3e414,1
0xe559e17563fc7eac667c1647b9887aee941aae14,1
0x32bd740b249d079f042caef81b0e8049bbe8100d,1
0x2268878a0233f48592c00f59c11ab42adaeb352e,1
0xce462c13f461deeb3ec2daadd5e7d5f90bb8f0b2,1
0x213f4cf4acb25173b9085a9c7f857611dde91e59,1
0x95952399381c1801b5b1bfd1ca789fffdee3687d,1
0xcc1f75fcfd6cb572b90b33d29c4461a56323881f,1
0x1ea2a806f60d3abd361b2e9ec992ba7b85258343,1
0x8ec5234c9f30a0a6ab93285d763821d353dc789b,1
0x77ed3fa96cf879f38d5544ad4397456e90134781,1
0xb15ec5c8d89a91b1e9fb36e838f3cb57680c75a6,1
0xafd6537db3ac19b37ec6c6c744bb6b91eb476953,1
0xf5fe364d18f4a5a53badce9a046ba74cfc97f6fb,1
0x0f03d543f782c99da39552a12e37a443fbd80e70,1
0x3d947b7904a0fe90ad9991dfe456e2e1f91062bb,1
0x17d01ad88c2b9bee0f3fa1313664d1822d5db64f,1
0xaced4791aab9de6d28e15667daaf0cc25e4b653c,1
0xd535f68266b56b3cfbfec869f7d56420cd8f2046,1
0xcc65fa278b917042822538c44ba10ad646824026,1
0x05fa5f0bc51ce0839535d3cf3721ad5202b4f1e8,1
0xba8dd3152d7c1a8cd82ed87ceaff8e322992bc5f,1
0x9ac52b634ed0916eb25c8d9aefa40266d1269d44,1
0x0ac18eb7ad5817d5e8a920ab86528d6c3662a86c,1
0xb17b8cad70ddf36adc2f7189e60a27c4a8898635,1
0x8ab68c848749956e9f26d8a76c1fcb60817366c1,1
0x935d2fd458fdf41b6f7b62471f593797866a3ce6,1
0xa4f503a9f515e948cd9d38d903330edc53387e1d,1
0xf4aa5925c0ba56b6ef75d1edd65ff4278beed366,1
0x5549567fd1c239766fe931e588cb58c393e10312,1
0x487c97eeca714311b12901aba8e8a6633444b4cc,1
0x56329acd726a373177f8bf2f94ca601c0bb3c4fa,1
0x450b91345f51ed4e1e6eed815d5c2c554426d940,1
0x630999eee371d5c96526344ea1e513f31afb113c,1
0x112f0732e59e7600768dfc35ba744b89f2356cd8,1
0x3113558ea6918c3ae1d9247d1d7a3f9eff5888d8,1
0x7551026c00621f5a4fa05578905ae171fee190fa,1
0x9be8302d10dfb2f756a3f60e6d25e527d7787259,1
0x721ba19c32051fd8e851a74958c52936516c7fdc,1
0xf6f819afc58e38e262b1d0968dece99a7df5c2f0,1
0x126fe2743088e3d6717666c3f4d2f29eb77ccd26,1
0xee7627de5375cf86f2a30a6fe8d1dadafc274d94,1
0xf7c9cae52b345f3c8dc8105577e87f7911b52f4d,1
0xc50a9c4d28e7e5a2dd9edfc9e0fbf066096c9473,1
0xe6ea861295af4e0d0d7f331c7b950f7da3a9d265,1
0x2f71129b240080c638ac8d993bff52169e3551c3,1
0x470c4462c67a3fab03901b81c0b96909f8330ca6,1
0xbb87ab9db7c13d4a7ca9a03ccb5dae3551ec5334,1
0x3d0e7b6e6f60152dfcbe4cf5ea9d96cd18e70ed9,1
0xdbeb35889fa2677564ed765df2f7920d30078972,1
0xd551b861414b7a2836e4b4615b8155c4b1ecc067,1
0x649619804950877c402c7354bf6c1e77c95a1c39,1
0x8d869f609bed9516596d8563e26d4870f5f1aafb,1
0xd58919830be1833052b8321021218f10d80d088d,1
0x2032994d925dd3624721c00c5a983a7111effef9,1
0xec46be6984d3a92d5f3b2d3e54fb827cd8d043b1,1
0x59072b3a3287f4a75cadfb36d671a2f0d1959b09,1
0x7c315e281953dd89e4d729548a27ad6a2893b689,1
0xbbc8775eae974fd2c46ebb615f7e14e423e871c2,1
0x2db6f5e838ed2bad993e9ff2d3d7a5c1cc35704c,1
0x09c6fedfbbc7861b95c3be56df9bff2328392970,1
0xb9f43e250dadf6b61872307396ad1b8beba27bcd,1
0x7494eb2916cad8649f4f91eb1db6e20be605dad6,1
0xefa117fc408c83e82427fcc22a7d06302c542346,1
0x5ef29cf961cf3fc02551b9bdadaa4418c446c5dd,1
0xf9f0ce350bc91991f684a5134451a54dc0835ed0,1
0x5f055f332c4a5ba920d934ff69cd1bf747ece5b9,1
0x256283eae7cf236cbbe3f736094c03ed9c836622,1
0xf895a840f4869c36c4bf518c426d6d0df85546f5,1
0xca4eb9db9d8bc0d7dae95467d51ae72445e0aab1,1
0x22f6167a22c1765e2e9d124b61d6d723053a7ff1,1
0xa5d681324f58a3db74b9c1cf8e94364d807c3d20,1
0xd55eee29e0c2a06e9493f599918bea156593d82c,1
0xa9acffca06e04e61c091bf4deb0ad5037e2bbc7c,1
0xb23428bf86b3878b0e8b1cb81ba131036823c395,1
0x89510d3068ef875492375b85f02ea0367b329d18,1
0xdba4657e8cc0d7a43f5b6745fdf10410d4f58fc4,1
0x5d81ae293cbebdcd0fe57f62068bb763e56581ac,1
0x66d04143395256769d19deb6ef0bbb1ac63d5219,1
0xe65a6a8e6f91bb3dadd9cbe47b6b249aaaa2d7b2,1
0x25e5fd18e791077c5c656d060d6314ab56cb9c33,1
0x9aa119a27ca5c4c2c3b2324100524b61f9d739bd,1
0xcd983774cf19fec5cdcc73c4027feae18efe748a,1
0x8bf3c28ea512f5e9cce147bb98d18cb4e10bbc22,1
0xbd17643f082f81a02f0cc13c3590f33cb763c13c,1
0xaadb7cc8587ca5ae3e5c98b9e78f6024953c0bd0,1
0x7bece831cfba324dba85d616ef59a69e07db97c7,1
0xa1db2b7193358b8467266c6dcef285c30410b99d,1
0x643328fb9032ee56b011d6871e49e3ee0105e38a,1
0xbeffad0bff003706972e2813ef94a5d2fe85a9a1,1
0xdcdb53e8e1123baa64a0b7d3da13e360ca843797,1
0xf5fc7b6040e2905329dfe471484a9db329f6d3e0,1
0x2f490ee48945cbcd473dd6735fdb26d813c6718b,1
0x11ca9bd63a36bc59109d94aae3922fb05fd94c9b,1
0x28670d699013c3af5404e6a1bee307d26efc490f,1
0x0851dae86b9504adb9aca6bb7031e178d0236faf,1
0x593d09a62083d385909f4824ab4ead3779538c20,1
0x878689a1107f9064b2b7cfbc09bfb604d159309f,1
0xffd91d21aada737a54902e5c09f4af5a8e52252d,1
0x9beaee291949514e711efd7c4a33928ee04447d2,1
0x36e99517b740d486a2aa04f59089e50607e49992,1
0xfac183fbc3762ab2aa6950e8153f5b9e459408de,1
0x1863b6151c444cf0abae868a9a327adeb5632362,1
0xbaf6be874f6ac77ffea0ea0380cfe7cd126210d6,1
0x64766a112b319dbcd77e3b20dff62b15693c2c70,1
0xae9402b1fb5736b05dd8bc98ce4ff608bde3c564,1
0xe1d8ac6508d1ef3e4644a52d6aa8f1eae8ef80ab,1
0x7e388444731c38189c0685f6d98605107ff59282,1
0x0996082aef9dc80e2f888dc91b034d8a6a683ca5,1
0x042d200e5375204f022570361f3913b245488091,1
0xbd19b1833c7a474b3cf4d7f583c89bd18f76606d,1
0x59907e47870a425d5ec5495fd79e144d6cf332ce,1
0x962efc5a602f655060ed83bb657afb6cc4b5883f,1
0xc4a6bb5139123bd6ba0cf387828a9a3a73ef8d1e,1
0x86dce71540f9db41610e6fd67969ffd54f698c9e,1
0xa5d880907874a5baf3bea3bc7845eca193932d4e,1
0xde3ba1b41e6c612a3ca3213b84bdaf598dffdb9b,1
0xd5fd5b9427fbcba41339904e26a9649b813781c9,1
0xdbc41e4b34043a30948e1a5ef09ad36c596ab82a,1
0xf398f6ceb4310fcdfd2ccf0d5aa59dddc2e14929,1
0x8fac841807e21807f511daf3c04a34cd78661f4c,1
0x5ce980d9eb0feecb7d3a8f60b9c4959ef271def5,1
0x0064b28742ee529579dba1074f0a1633ac1194b8,1
0xf2f5da016955de491a614a81c557db04de2d46a8,1
0x143bf07da12de3234fae2842cfedd31145188da2,1
0xa983bc05d29058bbec302de2de65eb4276f40ecb,1
0x52e2a414c65bd8ea41b6c5b5276ed9452ecad088,1
0x9333c471fb0abb0a189189933bfc0d1a4584c9f7,1
0x2d9319de02b8a02d40ed7abb5d69c6bd7a7f9cb2,1
0x37e46caefef61d30e680cf754998b4a39e5d8325,1
0xc7b423e6784a3781dd8a26ab75c0c2f227eeb470,1
0x7c7a45de37a6792f83bfffbb30baa8c0b894ef19,1
0x7af4ca674c86ac74d15ae668ae7ffbe4f7ddafbf,1
0x333c6565ba507275f38cf40027ee64f6f18e0e74,1
0xbd722f41bca276b05a27e0b716bdec2cb801d952,1
0xb98b46c3626f5751d843117522c61e6e41d70331,1
0x6219857c3535e54238cd5a162423d81a550216c8,1
0x98abb17006aaa4f29f60cb8c9c3db70b174eba24,1
0x0fab562f5211e8dc37c1aa954617e448335672cb,1
0xcffe08bdf20918007f8ab268c32f8756494fc8d8,1
0x65be293dc5ed05770fbc174a16e1da53f3ea42b2,1
0x7f5ccfb50d9087a572a80ec2585bde8e0377625c,1
0xbf861d09615543c419c749ea8cbeb720e3b3e3ad,1
0x3c315dad747c210a522f118788e8d7c800116680,1
0x7918895bb29d7e3633af2bfa4cfe7b3df9357fdc,1
0x107c22851b69a19759df895a7b25f578a8390e6e,1
0x53dddbc27e1d909487e291120e779a4c43b8b557,1
0xef7f2e81ea14538858d962df34eb1bfda83da395,1
0xc5e3eb76468e90aa77659c3f1cf643dd0979fb42,1
0xfb7a51c6f6a5116ac748c1adf4d4682c3d50889e,1
0xd70a3883f0b851c90cf4662018006ce9aa50fba2,1
0xbacd5e61b6460944cd9f6ccf16be7da782835a5a,1
0xf30f9fdc881252e8c881ae609c908200e01ac650,1
0xb606c977bdc5ba3094699afb8d294e1153db2199,1
0xa65ec0989d5832addfe6565cd6441cc27d820ead,1
0xb325e01ed439c9cf5ed65dcb8c1f01ad52f1c3a9,1
0xe57f3834700e9fe0166c97be35e97a053d1ac5f8,1
0xa58bde8592d092ea551c5868c7db0efe5d87c613,1
0xfd9658dfe40ed3fa76cbf957f4e7297d5bf7e542,1
0x850f9c7b14b997cc26a71ccfe8d6a7f0f475631a,1
0x4f58d8112a0bcacdaab5531319aca88b61305c20,1
0xb2b194901208ab436bf236e6bb16eb7a0dbd287e,1
0x652737669bd17d5de972d041867072131d729f3a,1
0x661e6111844f9e63c9c9f64ae285fbf771b753a7,1
0x94cd86b77347d108b2f022c62d839096e9fb6851,1
0x7452e7d530078dbd6a2ed65007bea00a4d60f138,1
0x81d0e60b18abfeffd768e3ea0a62561be4cfeeae,1
0x0a251df99a88a20a93876205fb7f5faf2e85a481,1
0xd692a8b22adee210234a7fb00510e300411a8b93,1
0xae2ad0fc3d19e2067777f94bec901fed2b35cae5,1
0xe73052aa21b655c70f4aaa1f947f793c4bf7a95d,1
0xaaf1074b9846dbd3e20404d3b1069136c61f5d4f,1
0xbe4ba5413991a2d5acfb5201d0b9b67d525a7b43,1
0xcf8445a17f25d149e63ba8662eb602e5103a236b,1
0x98ab20307fdaba1ce8b16d69d22461c6dbe85459,1
0x528f0391f72daaf4f8a2692d8ebed59dccf0f222,1
0x93293f3117fd5398a11a20674a6deae2ac51b099,1
0x87f16c31e32ae543278f5194cf94862f1cb1eee0,1
0x576f1e53afe5e99b2257258c7e3248d3a1822548,1
0xd6e02c13a6cc133c9d019495414667ea7bee05cc,1
0x1dc3fe11169d32c71b377bc14fb464370f028b5c,1
0x1ec3d7c935965bbcb5bcbd1b41a42c7d811669b2,1
0x49be60398f81d4dc4c1337dc07d4ff3f33ac8478,1
0x1786d033d5cbcc235b673e872c7613c2f83da583,1
0xe96eaa951e00e48e3230b6f58e99b7de3bbf5c00,1
0x0860950e0b91807d3abbad88ac7321dcf19e5c90,1
0x5d2a62c53f8449c8a75c46b4a11ec64e35a7d525,1
0xb161fde15ecbc1f3cc22336c7c2859e141d42daa,1
0x6fdfd0dee3e2aa16ba6c70b1398e640735d5c065,1
0xaaac34d30d6938787c653aafb922bc20bfa9c512,1
0x82eb45562f991329ed2867f43fc60f0ba52c3dab,1
0x5b36002e5ee1103a44246f67b067fd5509b97a9e,1
0xf417ace7b13c0ef4fcb5548390a450a4b75d3eb3,1
0x5f80fa8a11fcab25bc4837f0009737d5e9ca9f3e,1
0x11b1785d9ac81480c03210e89f1508c8c115888e,1
0xaa5c2f6a4dda08b11f61f5299002808bdc44ea6d,1
0x5e607e6ebe255df2ef3e495948e70337f96fb768,1
0x8fc642d66492c830da43d95da7fe3f027f4f3246,1
0x84e769d3e8418d35fae207ce45989694f6ef0e30,1
0x611bb77d28ee1c06fdc026d7c796d3b1147bf718,1
0x50d52d86458f73005858a9345cf4ce89e5a6f410,1
0xa198e245bf6929c1a1899e36bf957417143d4f7f,1
0xd10c018d6ca3542b55c33fc691e979c47b7641e7,1
0xd42d80de96225bd842d2df7fddd8e3a9b26a82ca,1
0x5572f2f12085c9b5731a65b1ffe6d66d9d5a7229,1
0x2059a96525c364560a806ca035a40c9f379ebca9,1
0xc05f14b7c9d0fdd3d799cafe189988d3cd1836eb,1
0x3bd672ec3d56e4a87a1a0d43cf2a84c8664e3869,1
0x839ac2038c7b17808a7028cf02052c3a9b868a30,1
0x4fcbd0c9c74afdcd9dc2855e46ac703cf115c119,1
0xf940ce19b9cd0b9efd586381b488cefb75eb413f,1
0xf7f6f7ec25c52c3e4794c9e2d32020ec00c07dc2,1
0xffa13daf5b32e44758a5c4882f4df2612c0311b2,1
0x359444abe5bf9928173b6189f130e64a91f10f9c,1
0x9db3d312eaadc2c8dfb50eefeab09afda79893d3,1
0xd1a0b66835d830e9ada42eef436f3aa8005b20b5,1
0x884d6fa3a4b349880486ad4d7c833ca968c785d8,1
0x52f9a67fd05adcb0b5480bf8feb944aa588316ed,1
0x0040daac32d83c78546ae36da42a496b28ab09e1,1
0x4a1939dc1de524ff01980a911f0f4d65ce7a27ba,1
0xd39a5d2f918a6e16ca8c48ff4fa2292bf461f2b1,1
0xff6bdfc378be9bb2fcd8b081aa15f2bdaeb0f441,1
0x5b1059b0d6d496a352de97352ff7e41c5947606a,1
0xc35179499347544840acecd0e21eb672521678f8,1
0xbacf1269ac5b9a53805c7d40f7657e506f7f7b3e,1
0x9785b0d3b6ae72579f6da9b2cd9b518ca1866f3d,1
0x47ec58d5704082527a90362a6293029d7ed5fc4e,1
0x02be99141f66c065e165caf2dbf6a987c8d107a5,1
0x12c88ebd7f82d3d8a33a8ffd88390967f45f9dd3,1
0xc2842a7653b9c2272f424a18dff468c32d1f874d,1
0xc6fe543a3f3bb66a091a56d7afce56d24917252a,1
0x6120932248dafbddb7e97279e10f9348b0e0242c,1
0x7651204db461440ac9a60c59da1f0f972ab7f9a2,1
0xb43edf919ea51ae7eae0ab7c7a28e530aabb6d65,1
0xdd6ca7d9d4d2a190a5c940f499cb32494a6fd31c,1
0x071d9fe61ce306aef04b7889780f889f444d7bf7,1
0x66f38834895920589f66a8eabc2b6a543b0eca24,1
0x0f9093c9d7fad2829180a745e75a075e92c0e086,1
0x5fdc9a32ce6b1f21ce923da797f8722052dc0803,1
0x8129c94d2f2b18fa4b63bd0a3b64ede4823374ae,1
0xd5d249a67af0cc27cd17c7af95318dca9eb78793,1
0x4fa62b33d74547ad0965422b33799074e300cecb,1
0x3c8d48a5bc4e50982653271eb1b9e254a4c55e33,1
0x91d8acec761d0c377e4ce43b9898a7bba3a50e2e,1
0xb3f59106c5c5e93926145115d75d7837b5701a91,1
0x7fe36275bdfb4272b7bd7b497758a32b66c1afce,1
0x531fd876997b43d60079d50978c1a1aba4e240eb,1
0x5897b6e01f84ce9b05d3889a95f7438cc3dca1ca,1
0x30ee8fb832eb8afb373bd71182ba274b0558f9d5,1
0x789e3b871696e5e6f122c74da94a6397d27296e2,1
0x44bf69e0f457972d2840722cf8d422e86930a720,1
0xb8bc655b69a848a2c7173180cd54a11a03b64493,1
0x33caf1e780fc8a92247f42a220caeafde3b5d553,1
0xcd980b28732be9ddfaaf2b12b292bb07ebc86889,1
0xb6d340e1606d45dc7deee432f7dd3d541552027c,1
0xdfc8a5b2422f68894058f7109e71e82b55aac94e,1
0xb69e74324bc030f1b5409236efa461496d439116,1
0x7f98b2dfa95a3f453a64fdf0d48354d627389853,1
0x3a6687c021f87c1ef9739dfc1adade48c72a7511,1
0x3d68bcbc90d45d2e37bf751cb839b9182049b483,1
0xb9a0e3a20f60982335e23af7ffdbe85352697a86,1
0x601e88bc11abaf6febdad700ef7cdf3954ebc257,1
0x31b4c292b4639a32a0aca72b0451499b464c58cb,1
0x400abc3dae98ec5aeef2681b40d4ced0a5aff934,1
0xde7a7476673753f90bc77e5c83e44a2db97faf67,1
0xcfc6311963155d645aa215be71352d5ffbe9c4d6,1
0xb42573ddb86b68429c8f791ed0f2b79d2ca95588,1
0x21cf38af78466b71c62cc0f7a807913b74424518,1
0x679974b1a20826c45016906aa4e2499752de9c1e,1
0xfa9f0c8bbf98950e8fac468289cb1a6f2bf2fddf,1
0x5f26cd3eb0f93a66a7b743175a2e862e54b7a432,1
0xff16d64179a02d6a56a1183a28f1d6293646e2dd,1
0xa1830e8d9f019feb448478a171bb37cc6c4c0482,1
0x9296440084a546744a840b46b17e584e48c988e7,1
0xf9551c66995ed3ff9bb05c9fd7ff148bd75dc99a,1
0xc871d9d92ab70bc0d3779858fec972157856b85a,1
0x12c11a2ebdc9053b7a1b7b5601e2ecfb24facb54,1
0x091cd8ab9feb8e55cc5b21d9adaf866b3e5b46d2,1
0xfbe21b2c323219a79b5fee7dd4d6f5ca8a92bae8,1
0x5419c2900b238447848bfb16c6fab7c3c7143518,1
0x98f1bda2d45ffaca73fcf2154e9e007871e14934,1
0xa33c7f924399b59a8ee627388a108beab5e12eaf,1
0x2e3e49807cd274e754058f0e3369f6621d4a70bd,1
0x5c93e7aede5be119a6247204ef62123508755bfc,1
0x1b2544ff6222015f139a5fef739485dc09cc4052,1
0xe81566d9d117faa5045fa96144904ad5eba3af90,1
0x1bcbf9d847a745bed5928fb67961524ef51b72d7,1
0x9ad6e85586b9deca41846c24f46f4a8d633fb44d,1
0xc9b1131c0f76d0a54d788fa580d80485cb0fd153,1
0x2588253cc1daac3e7d823b9190ec87e75c67f2c4,1
0xa3c7a8eaf23d2dd89ed81e19a5de8c84e26b0c4e,1
0xb8cf517f5475c0f4e09eda100c74c0e91221332b,1
0xa1958a37c21372482deff4618baebbec23c9a449,1
0x739a96244e313fe3ece39d176db997a1f63a8ee1,1
0x706d961ab69d54a0fcbaa13e77842279a5724139,1
0x4dd05e12d0244575c77c31c24f0e273610c085d9,1
0xd6cf3792dfafee23239d224e5fd563618bdb953d,1
0x29429bfb5f5e6c0402981d032e2b211b9d42e514,1
0xd1433fa6f1054731f560e5ce719f5363abed5e66,1
0x1c027862959af8e835c36834b5806915b6fa20b9,1
0xed5d3c9f94d1d155f346881b1c05737b365a6878,1
0xb1c64f3d64c161c575240d2fa1ff9121de34ce8f,1
0x8330a84d3c16a55302f921c36979b1067418053a,1
0x41499632edeb037abb98538efcdf99fcdd55b49a,1
0xa21f43ca4701b4432c9877e28c6a49311ca766d8,1
0xf7b10d603907658f690da534e9b7dbc4dab3e2d6,1
0xdf50fd8c121a079d975e7935253623a13d544964,1
0xa88361d2c0645f5d8dd3be72777a565059fbb139,1
0xfff7f1c74c63fddcb54b718d866d7d88058044e0,1
0x0266d88a7832bdfe995675486be85ec40af1172c,1
0xe1addc98ef41da4cc3031b12409b673b7a707614,1
0x357a15f1d5feff777fb38ec5424cc2605c091fb8,1
0x2b11807dbfc49bd0e21c5ace44d7a2191d992421,1
0x99611cd42b6281a9cbdee97f9e4bff51a8b1c5cc,1
0x10e240190f65200c9fcfb9deac56810be5c7c111,1
0x78c4b4a8bb8c7366b80f470d7dbeb3932e5261af,1
0x6358167fb33a6d71b142fd336a66b6663889d03e,1
0x3e91f597f3da2720c342a974cd30773994c63727,1
0x77e7026306d50d8bb6c4cd9d5fc3e5782132f76b,1
0xb4d4a555fd091414999271aea8945ff2080553c3,1
0xc560dfbc06927840cfcdcd75c6662471733ceabf,1
0x2eb3f4ba312dfaa878ebc4a66ab4508b3199840e,1
0xf2f3a7860e6baf5706a84ab5a87e465250bdfd5b,1
0x15f490fe47a84a50c75b0cc4c1f4b17b7188306d,1
0xf726f0995abb80d4be8decb0006993c81b05751d,1
0xbc2bb26a6d821e69a38016f3858561a1d80d4182,1
0x55a5705453ee82c742274154136fce8149597058,1
0x21c8dc59f2e9a11c4c1a0c310641968132c6b1be,1
0x09a5943a6d10919571ee2c9f63380aea747eca97,1
0xef79d7b479e83f05122dc788707b4abdd415aee8,1
0xfdfd358de16d68cd291dcebf8af4e8877cb791f2,1
0xd7c8f2c260158ec186c38802498d1a8057e861fa,1
0xa5ef2efe41cab054070630111d997bacc8388ab5,1
0x5ecc25d1f658af69d9b59fcaedb2d9ee38254036,1
0x7705e47bd6eb6dc5a11aa1839639f3dc6e1a6eaf,1
0xa2a6d337e042009ebac0f0c398fef08dc1074f19,1
0xbca7a1e8fe84b826b138680594e27886989be0d5,1
0xcdf156d2afe53e26866936f289e7d9c8eed4f84d,1
0x8d3cd61164ff9a2ddcccce933c5b4608f6562a82,1
0xb26000e692c74fc0e83534403624d3af7a188f1f,1
0xf461b7e6cc342d2942379cab5332671d4b9eefee,1
0xd54f7ab07175d9effc4b72581517800b47ee7094,1
0xbde0ee0e7f34cf1bc9aead0f01d4d84a7f4e475e,1
0x68575571e75d2cfa4222e0f8e7053f056eb91d6c,1
0x7f2466ae8badee7dc0109edd0b6dde08c432236c,1
0x816bce7e3241ed88d4fec81ea19152617da91546,1
0x9a608d9f416518b5f11acf3dc5594c90d6998e2c,1
0xfa53d837b5ddd616007f91487f041d27edb683a0,1
0x80740cee43f9d8536b13a2b4c5f24705106fa5b2,1
0x4a179a9e4de209181458167825b2a6d7218a226c,1
0x5b71ab89a74eb8515585bf100a69bcf12f9eaa3b,1
0xc40e6f48153079719fa1c93d399f10895f810504,1
0xf7287d45e290d11858d113fd0250b1c2c6aab044,1
0x27cfc88640089f340aeaec182baff0ddf15b1b37,1
0x0683f78168b4d1365459a58d7efe3bd36fbb10b0,1
0x09d1fb4f59fdce6ab1a7d31f1309864c5a818b17,1
0x698a9f3f9ca964d5ad5e9bc3f6461ea63bf15848,1
0xdf8ef854071d6ba03ca1d618f402be2ce62ccfbe,1
0xf502aa3461bf04f0d9bc6f7f3d8dee12524de51c,1
0x75899dd90fd9ac33acbb9b35dfc8c0b7dc2defcd,1
0xa297b90739c19d9bbe0fdd2fd7c3eb8b4e6d1ee5,1
0x6a19891e91a3d4d690cc8f9627290d25bfd34df6,1
0x2a03278590cd1962de28f9abc855cf3774fe3eb6,1
0x0374c3a08cd36dc7450a8a3344df776b9129d26c,1
0x716722c80757fff31da3f3c392a1736b7cfa3a3e,1
0xfc07314df7da17fa9e8b1cb2b238b37c2038acd3,1
0xe0ea95f7ec57d2e5a99c19f53c16276fcfe2e60e,1
0x6efef34e81fd201edf18c7902948168e9ebb88ae,1
0xc2602b1aefae184ed1d190727ad7e13117b0d00b,1
0x6db2485a3bff699840add5c2f9d103a72d4d4dd7,1
0xcb15649d7b7a1eb01fb1acd14809de6cf82aa1a0,1
0xdac7a91516112703448b5d1fbc8b679fce838e8a,1
0x7b4b79c7adb4a7fde8bb3b48b3f133448ce4ddd5,1
0x9d727911b54c455b0071a7b682fcf4bc444b5596,1
0xb2067a59d4f1fce2b244d774f0302fae00c1cfbc,1
0x487b4705d624b1ecbdc490fa0d645b7421e7c8a4,1
0x2b2411bd9dcfb0d3f375521917e623676987dfb1,1
0x22c032d041a70150134aa350b595afe162afb993,1
0xdb9fbc7350042c249c641a156f504eca1f02a63d,1
0xbbeec7736eaee8ce52c65d099adfdb26bf84a7c6,1
0x6a0b55b607d3b2104e4a1ac1dc53be77d2a9e145,1
0xcbaf69bc17429771edf14de8f2071ef7c412ac3f,1
0xbe93d14c5defb8f41af8fb092f58e3c71c712b85,1
0x66805d8b82664acab4cbe0c0498889dde9af7841,1
0xab7ab9b6495072c1136f96e301bd8f8de900f119,1
0x907fc75de849646eb8faba840219bd2953902782,1
0xab12253171a0d73df64b115cd43fe0a32feb9daa,1
0x3ed8c9b84286069be528b00927b7853814a5c7a3,1
0x772a9f9875e3495004e52333c4fc3d2839199cb7,1
0x3132c1cf815d8fb7cdb1fe63d4406e8a685ca629,1
0x6d55a42d79ae2421ea40b63212570bc6f0dc4838,1
0x3d3321ac85293d4f4557457a8c50ad6bafb453ab,1
0x8841554c6798ade7f54660574c543edf9b2d330a,1
0x33c27d581a00cde679be9f105b3eac8fb237e727,1
0x6e32c149094e8007d7bb838554175470ecf82f3e,1
0x274410e1fed7abf5868782faeaa77d686b52cfb4,1
0x1fecc6d7dbf785d970b56fe2c6d0a91b25a5552d,1
0x0ef8b69e70cf5f774ba7cfa21bef7c210be2d27b,1
0x7193b82899461a6ac45b528d48d74355f54e7f56,1
0xbaaea72417f4dc3e0f52a1783b0913d0f3516634,1
0xd075c550f246244a76ecd3ca4a5c992e20690f11,1
0xfec18996c36d02902e4c55bcfb7a1c73aa1500cd,1
0xbd12aa424c207e90b66402c1f0aec357e8b1ded7,1
0x43691201440ae5b0bf5ec03b56f4322e45ae5bdd,1
0x639e43f5b44b3c1e8c841cb28d942437337c5c89,1
0xa5c3a513645a9a00cb561fed40438e9dfe0d6a69,1
0x220a6cb04d48ca2c33735e94df78c17f8b0f7c9f,1
0xeb87c264d6c7a8f1472c6a037de3afac0bb966ab,1
0xa0dddc8925fe7912ed21d1952656337568588168,1
0x5f367bf126fda56d88ba88a8978d5496c66b3569,1
0x935914ad4a126647af35378384d70c741892a5fa,1
0xe11c6adde072fc124db659a73f5856c311cd9f36,1
0x637f54bc049e33e66ca197dd627ad3bda49f3253,1
0xfc0c2df02b1616b05c22b3044c582c4150cfd3a9,1
0xdd858b42356e761b84a7e5ac5ec2ae550bcb34e1,1
0xdeff8642e3f821ec39b8a53f7162de7f04e558d2,1
0x0734d56da60852a03e2aafae8a36ffd8c12b32f1,1
0x1c55ddc58c2ae8245d2b8b8c6075b876d903e05a,1
0x4d6caa3e0983fac7b514d60339ebb538c5a85aae,1
0xf95a7c6504f284ada554f89b1abe9f3b0dd0595b,1
0x80f70b68e8742f4caefd541b086902ee8d556495,1
0x6e44dae674aadc40f03010db4bc15e14b1c26629,1
0x1eedfca9ec2c79e7d16151eca742464b89ccd97c,1
0x64ac697f84bcddfacab514f07dd147c6958a7915,1
0x875a7b08843a3ccd9584734c602658e2729bf5bb,1
0x4a5627e01f80ac7753de8a9f0ec3cb620fc5fcd4,1
0xf4b93a76bfedbaa5dd58c37c438bde519e881b37,1
0x333d0ebc54707c0a9d92cac749b3094c28a0e111,1
0x417391ef1d3c92029f899f6ae85a04b84947081d,1
0x9e858f48f1a15d221962bbea7758ea8a3c476797,1
0xa88a27f1cc30a89e5dc5edf00356f4413245e4a3,1
0x37745961af1a34110dbc3c92fa9c64bbdd63ff50,1
0xc875a15956b4a47c8e85791d9891577eec762bc2,1
0x7f2204f49157651f314395f4703622e3fdc8df4e,1
0xa0a06c7118cba5fbe03f1c8b4f8b635c96733796,1
0x17ce45aa90d15fba7a40a88416da73d7d478afd5,1
0xb942fdb9117825719a294e726dc2ef46a239b392,1
0x7dbf6820d32cfbd5d656bf9bff0def229b37cf0e,1
0x19a42d8444d22234336850f803961885b1972b64,1
0x16b658270ac50c0063940ed287c401b3df7ccf70,1
0x693c59478dc00b7e6bc0f4d4cb7307482f6648bb,1
0x5bb4fffef211f4aa96ab22a446fdeed2e9fb457e,1
0x196a37946c3d93e9a5309f539ae28b774a32411f,1
0x7560e255f7d5abd4af80d48f9834bad510a27835,1
0xd5e81c75b48172a38afeca96e8f07f5107abec13,1
0x97263302056c9d2f708153c0aeee7b7fe5ebec93,1
0xe15926d0cddf009c25180e32d66f158341002834,1
0x154d6d1b0ed8c3e68e8349c56aec5c156bfdf9c9,1
0xf52f4bc01b527546c33efbf57360d477b782fc9d,1
0xe180670975ca0a5f9f31d89080452bb989874121,1
0x764f4909251f81976a0a2dcebce95333e4c27517,1
0xd04341b106cc49cf31b9007cd671b1ffe7d7530f,1
0x23b6d8e09cb33b1550de19ac25cc3f41ae4603bb,1
0x6926fc2a148776bc5e368a6e76a2d91b908ec66c,1
0x8292841a46390f3a01fa4befea4bdc88e85e42f8,1
0x119f8a224e41cbdd5961ec8811dda02c1ffa34ab,1
0xbbde1e05d96c5c4f7e377d5eaed21cac08a92945,1
0x16ce1b15ed1278921d7cae34bf60a81227cfc295,1
0x07557e561e7baa14bc8ac7040271aa1443d566e9,1
0x44b751c6012e836515d24a1392a0294795cc78e0,1
0xfc07b7ec194796e52c9da5a0f59e42b8d05d7a63,1
0xd770d242c5734a3b8028cf46d2a2e980ece07bea,1
0x48e0fb6d9f276be07aaf3d6f5ba70642cb3bca27,1
0xdb7a4fdaf419064f39c7dad428ce53b12d53956c,1
0x97acce24f8f61ab9845682b4e1e34c4a38176610,1
0x9fb5a3dc2a5a19252ec49194f4f6e745a5d3920a,1
0x72cb40a11781ff0149abb55a1adebe2407575030,1
0x8c5a9b49e905c477ada89b56360a20cfa664a216,1
0x806346b423ddb4727c1f5dc718886430aa7ce9cf,1