0x61cdf5901347700f3fe4071badc8d901ce93d548,4
0x2a06913d5b8748b222e1236768c24ca19198b374,3
0x1341df844780b66af4ccc98ae0f34be87eabe1d5,3
0x0a251df99a88a20a93876205fb7f5faf2e85a481,3
0x33dfba48f77f4dff1b69532b523ebb076da3c33c,2
0xf998f1b91483e77cc31e68820f8c85f900e8677b,2
0xf9e1d1e9f22c96752356adfd377231528c7e851e,2
0x6d81fbdba7cc3afb7926f80c734965746b297668,2
0xfb53cc84f5187c2f386e9895476b3decf33d4982,2
0x002153708f11f2651215059eea30820ee4d49ff3,2
0x7d4588c83df708008e5c3f3ece3682e266ff1cc1,2
0x8a4a50b13fd2cb36feb96c408cb98b4c9f2b8f25,2
0x5cfe3a15c0f55b8c087d5063258a49e20784de8e,2
0x3e511c122d67213c3b3166ddd78d8625d03b2d8c,2
0x61f3be073bd5c5a6ed11443e51744ce505e27b85,2
0x3aff5ae7a64450f96425c90c4ba928b9db8fbfc3,2
0x53df69aeaec0c93a682397509342815e2835ba77,2
0xcb15649d7b7a1eb01fb1acd14809de6cf82aa1a0,2
0xba7cb53ced871b8fe1197f0569b9a3f220f3d4dc,2
0xda830d2d83a57cea255bcfd0cf89c3e94abde0fd,2
0x899b2d61a5943dd2452cbc9ff5d158c63a2275dd,2
0xd70333d48d72082b211d05340c8e4f9a630b315e,2
0xeafefb44c6b5802df613877b37d1bc7ddb81300b,2
0xa2e7002e0ffc42e4228292d67c13a81fdd191870,2
0x3d0db72eb8d80bc016698f1bc19aea2443f75252,2
0x91a0cacb38470b50e3117f114762f605c06a1c08,2
0x8c580556fdb1f57853e49f409ae9b89f7658e7a2,2
0xdaeddbb6fe764a08aac9cbf544c0a4dae5d1da61,2
0x19d9c35934e600559a176ba91afaf3ca9177f466,1
0x840e59bd1c59437c35eefeb07be8f345dc5d0637,1
0x770569f85346b971114e11e4bb5f7ac776673469,1
0x76aa6466bff045a813379aae69be758bcbeeeec4,1
0xe2894fd6ca974d7d248010ac0fa98eaa27ed790a,1
0xce48fbfe7bbd9de5f706e29d7121662d891ef5d4,1
0x2a69c6188970a266680f2d004d0dcd66ef38b473,1
0x6e330ff83788e514559cdffe4d454a1ebecfb2b4,1
0xd669b792cc2d9ec18e5f285b4a7cae57b0a9b4f9,1
0x2ca053639c4ab1f11c5455c017bd962f45e6048f,1
0x45b8456d54e70faba79d05b49bce762ff4ea8afa,1
0xe451dc0948f33b1261c585f0db84cca9ab69f3a4,1
0xa85d0f31b33fc9adaf47887467f174a3abc18ca4,1
0x035e2e997c89d0892549ba8cb84522d1f2f96d21,1
0xd492e9448ea39a6037b68decb143d9783c9485b3,1
0x1342a24e50186f2f178fc57194d3ef56ec0f26fa,1
0x7085c2ae0ed9966e5e2ace4187ce7214f2b7901a,1
0x38d3c81f5d5f483c80cd36d592a32f3433a1bb5e,1
0x4785a77fcf42a6c7146d137b62a9dca44bc4a24e,1
0xe81f3ad67a5f7584193566225462fc3bd3867b19,1
0xfb9ae8ddee587e535f9075dde3badec86e2a8e04,1
0x2fa662268e07d1bbbcf43ad60dbec83e6e0d0156,1
0x512729eb12dfebbfa67b6d23dc44605bb1dfd5a7,1
0x5e85b45a33e23fa73093245ed7f7a0ab5e8c837b,1
0xdf0eb1e4480e9aa00f7c16994ecf0dedde17c024,1
0x970e467bd9216f5ff20d2db55f0ef46f35bf855c,1
0xb3313b023e68cda95d7b625200e1b0fe6335a0c2,1
0xe958789c4fdf05b1c4cd4e71b932a134159fa55d,1
0xdb6428c5fa405b9ba438bba5c1c2c4f099684004,1
0xb7bd892b95fc2faf5659404d9aca1bfa164f0686,1
0x3a42086e4c2511e502c0b6ca87e35c8455388d39,1
0x1b35fcb58f5e1e2a42ff8e66ddf5646966abf08c,1
0x53cda3e3501723a9dc3bbaaba24e739ac23c37ac,1
0x64bac0fc115ef0bb3e49eacafe89a8404dbb4c8a,1
0x8a283b45873ffdd8a9a742125a0e8cbfb3692d65,1
0x5c2a6a38a62fd34b1e214286eabce92f81069a0c,1
0x0b0833a4a5961740eaed73b1eb92f4c005373b7c,1
0xf7937f825a2aecdcb962925f12b64943d0b2496a,1
0x1691565c9e5846b348bf21707521e492614df376,1
0x0ec93bc50102e622ce4a2846dc53164816da1c92,1
0xd7aaafa2a17403f41939f8f88a2524d687058316,1
0xef0a7a803384724639a89fd5f62cc28a9a570971,1
0x195b8bf31d6bd1308cc555f41f7d00e1f041d05c,1
0xbea7622cd1dc23b97c4ec44fdd1afa9f1eeffaef,1
0x01a29134723ef72a968838cb1df498bc4f910bec,1
0x725fde1292357918abf7968089c8c590388d27a5,1
0x7b7aa48d192c31894b1cadacd6338dbeb2ea6259,1
0x443a7308ce91071d32e4a95389f2d1b4cd7d5b05,1
0x06b04a5e95620dbd13a2b27bc359e0a77f263051,1
0xf1f57b31a953f8e481c5c8f52fe38600268dba14,1
0x8437aeed6712fa8a810306f00c8eb4a5193632ec,1
0x76a5a247459ac6b581abb9e6951bb89042ff04b3,1
0x98dc06b6809984a490e3c8a8a3e262ae6ed16be9,1
0xa271369dc0575b2a1fd2d5882240a263ec3fb974,1
0xa619eecd34bd59aff41e488a932d3603dee36f86,1
0x9e0bba8e7e9194476f1b3d329ae7f988f580da3a,1
0x8ba356e72e84084e746a540a81665eab5b0d745e,1
0x1e54f6e49648b5bd0b024f272f2041cfeb444cbe,1
0xefbc53e0afdc9f649bc1ab692461df57e70a560f,1
0x4b009c851fcfed1e6fb81cb4693540425e643e61,1
0xe3e09d41a30603a68f7a6b548d87c394f63ffb27,1
0x6c9d5ccbdb7a435b9c17f629cef58bbbf3620448,1
0x841ad0abab2d33520ca236a2f5d8b038addc12ba,1
0x6d889a9b348855dbc3642d5b6739975bb0d71ce0,1
0x4be247d20b3cb51401896159af4e28d40efee444,1
0xf90d28704c0d943525c303f2be8d5102dae22420,1
0x8edfdc87f9babd892edb86d7e362a870bc0f4be0,1
0x4f49c34759b7e888ce77de9dd34fec63d63495cc,1
0x02f9c6044b4eb4e3fe8a2204161221ae0d0a912c,1
0xb25024c421d4f8bebe468d3dc353e07868c99901,1
0xa1efdf80e2c3dce2773c230a9a381c3bade2c85b,1
0x470d235ca1caff614abee02d98ac3aa89a6758bd,1
0x3c7d5bb537abae440e0abe552342f422a4b1e6c1,1
0x7b4b79c7adb4a7fde8bb3b48b3f133448ce4ddd5,1
0xbbdc8e902c21c87cbc84514c7fe01d209fa01a61,1
0x070dd7b81dee74e311ad5510a73baf8eb229b508,1
0xc2461b6d4cf835bf11b91a8a8de3ad7fdd4d8521,1
0x48ff0a2ee5c3477026693db3f57a0b79538454c7,1
0x1a64ed145a3cfab3aa3d08721d520b4fd6cf2ce2,1
0x7a5ea5597e083228f57c94f3f2a24998a57c4252,1
0x3f54cf31b0e88b8e7223db0d60270a15cd64ae69,1
0x6ad0f7e6f008fadcde9cf73b6819ed42359bbca7,1
0xe39b4c8cd7158b4c1fcd49b684c522a79eab8572,1
0xa21a0ea0d8d194367f34afaf785ecd50420cee16,1
0xd3e0f44f99e95c5dea13c2f6974184c6c6f94f23,1
0xc32748399fc260cd4d5d6cfc5d362c37daee5ecf,1
0xe91a790292870ef71f70bf8a98a01e11deef3a74,1
0xb4bb4a094338bc566e4bb0355c9de525f7c1f1b4,1
0x09b03a2c0e4e15c7fe12e4042dd4d4b620228612,1
0x4933199b016db42421756b2aa86fd5665bd81c59,1
0x0a7b367ee82e8a77fb2273f37848d4b8ad77bb57,1
0xc146073d03467cbeff8ae3b9bafe45af60d78a58,1
0x795ccbe2a5a0aaa31eae5c130e4f9af95e8888bb,1
0x6bcb45af1ecf290ae8c74d86b72cdfd3321ced2e,1
0x24ca11d33bc48f3b79df75d24e959e0861b3a1b0,1
0x91ebd60b4457a393f70779ba20ebba0550e473de,1
0xe2dcfb3621fd1970b4289f1f8251c6d1efb9d0af,1
0xd9318325e35d3e425be2322031f169e671c209be,1
0x52cf1d5027cfb7c6ab7584bf7bad83476d3a0404,1
0x9709196ada9626a92bd983034b5df8f4ef914011,1
0x64766a112b319dbcd77e3b20dff62b15693c2c70,1
0x65ab2af69d1d7c96b12e527584e5d457b57206b5,1
0x2531dac8784cc16b0f1047c5fb97a4a629c44566,1
0x20ec97684465b6a2a9d5b306f9c62e44696670fe,1
0xb8a1b251ead0aade474036733784f667917b5461,1
0xc23fa7c40c3b23c3bd53bbca2ad8a743eb104b5a,1
0xd0a012d7dd7834272f64f572747132f4e4b7d3f5,1
0xcb53a818042db647cb01672751b0e4efca29cf55,1
0xecee0fd842ba7f171d5fdc58cc581b8fb8585b50,1
0x5f62ece59fbba2bae1654e9b69bbfa4e4d5b329b,1
0x6d6dc922e9a23dd8960149a999d4ec4016a6dbed,1
0x7494b2f60f40d2db3aad6f242adad41115c528d7,1
0x8579f7795d67e0b6019da77b132d94f04e1ac911,1
0x4340c63aec36fefa738c374c4d8b833542e8fd06,1
0x2975e6ad04abc22af69730dc573f1b28044d0e61,1
0xc8573c8dcd6c10869a39863ec6cddbb1eb987744,1
0xfb92a366e130d65feb89cfa414c21447fd933edf,1
0xf3ad505e0bc90db87200e7eb5c4321a1d853592c,1
0xe6c55b0af75151960005eabae3fe19528c1b131b,1
0xd85c5377ae75553d1fb84c5ecc48cd10ae7603af,1
0xb7a322b62994033f3c6cf816d31ec66b4d4aabc9,1
0xd9dc149dc49cbaf05b42351df79ff05aaa6b64fb,1
0x8330a84d3c16a55302f921c36979b1067418053a,1
0x9213dc91b318f030eeac9085871939c6c7c58089,1
0x02c523a8a66dfdc5f01be54f269d9da601c1229a,1
0x449d1c6deb5a43c5138722e99c4084e5ab864746,1